Country,2022 Population,2020 Population,2015 Population,2010 Population,2000 Population,1990 Population,1980 Population,1970 Population,Area (kmÂ²),2022PopDensity,2020PopDensity,2015PopDensity,2010PopDensity,2000PopDensity,1990PopDensity,1980PopDensity,1970PopDensity
Afghanistan,41128771,38972230,33753499,28189672,19542982,10694796,12486631,10752971,652230,63.05869249,59.75228064,51.75091455,43.22044677,29.96332889,16.39727703,19.1445211,16.48647103
Albania,2842321,2866849,2882481,2913399,3182021,3295066,2941651,2324731,28748,98.87021706,99.72342424,100.2671838,101.3426673,110.6866912,114.6189648,102.3254139,80.86583414
Algeria,44903225,43451666,39543154,35856344,30774621,25518074,18739378,13795915,2381741,18.85310997,18.24365706,16.60262556,15.05467807,12.92106111,10.71404237,7.867932743,5.792365753
American Samoa,44273,46189,51368,54849,58230,47818,32886,27075,199,222.4773869,232.1055276,258.1306533,275.6231156,292.6130653,240.2914573,165.2562814,136.0552764
Andorra,79824,77700,71746,71519,66097,53569,35611,19860,468,170.5641026,166.025641,153.3034188,152.8183761,141.232906,114.4636752,76.09188034,42.43589744
Angola,35588987,33428485,28127721,23364185,16394062,11828638,8330047,6029700,1246700,28.5465525,26.81357584,22.56173979,18.74082377,13.14996551,9.487958611,6.681677228,4.836528435
Anguilla,15857,15585,14525,13172,11047,8316,6560,6283,91,174.2527473,171.2637363,159.6153846,144.7472527,121.3956044,91.38461538,72.08791209,69.04395604
Antigua and Barbuda,93763,92664,89941,85695,75055,63328,64888,64516,442,212.1334842,209.6470588,203.4864253,193.8800905,169.8076923,143.2760181,146.8054299,145.9638009
Argentina,45510318,45036032,43257065,41100123,37070774,32637657,28024803,23842803,2780400,16.36826284,16.19768091,15.55785678,14.78208999,13.33289239,11.7384754,10.07941411,8.575313984
Armenia,2780469,2805608,2878595,2946293,3168523,3556539,3135123,2534377,29743,93.48313889,94.32834617,96.7822681,99.05836667,106.5300407,119.5756649,105.4070874,85.20919208
Aruba,106445,106585,104257,100341,89101,65712,62267,59106,180,591.3611111,592.1388889,579.2055556,557.45,495.0055556,365.0666667,345.9277778,328.3666667
Australia,26177413,25670051,23820236,22019168,19017963,17048003,14706322,12595034,7692024,3.4031892,3.337229707,3.096744888,2.862597413,2.472426373,2.216322128,1.911892371,1.637414808
Austria,8939617,8907777,8642421,8362829,8010428,7678729,7547561,7465301,83871,106.5877002,106.2080695,103.0442108,99.71061511,95.5089125,91.55404133,89.99011577,89.00932384
Azerbaijan,10358074,10284951,9863480,9237202,8190337,7427836,6383060,5425317,86600,119.6082448,118.7638684,113.8969977,106.6651501,94.57663972,85.77177829,73.7073903,62.64800231
Bahamas,409984,406471,392697,373272,325014,270679,223752,179129,13943,29.40428889,29.1523345,28.16445528,26.77128308,23.31019149,19.41325396,16.04762246,12.84723517
Bahrain,1472233,1477469,1362142,1213645,711442,517418,362595,222555,765,1924.487582,1931.332026,1780.577778,1586.464052,929.9895425,676.3633987,473.9803922,290.9215686
Bangladesh,171186372,167420951,157830000,148391139,129193327,107147651,83929765,67541860,147570,1160.035048,1134.518879,1069.526326,1005.564403,875.4714847,726.0801721,568.7454428,457.6937047
Barbados,281635,280693,278083,274711,264657,258868,253575,241397,430,654.9651163,652.7744186,646.7046512,638.8627907,615.4813953,602.0186047,589.7093023,561.3883721
Belarus,9534954,9633740,9700609,9731427,10256483,10428525,9817257,9170786,207600,45.92945087,46.40529865,46.72740366,46.8758526,49.40502408,50.23374277,47.28929191,44.17526975
Belgium,11655930,11561717,11248303,10877947,10264343,9959560,9828986,9629376,30528,381.8111242,378.7250066,368.4585626,356.3268802,336.2271685,326.2434486,321.9662605,315.427673
Belize,405272,394921,359871,322106,240406,182589,145133,120905,22966,17.64660803,17.19589828,15.66972916,14.02534181,10.46790908,7.950404946,6.319472263,5.264521467
Benin,13352864,12643123,10932783,9445710,6998023,5133419,3833939,3023443,112622,118.5635489,112.2615741,97.07502087,83.87091332,62.13726448,45.58096109,34.04254053,26.84593596
Bermuda,64184,64031,63144,63447,61371,57470,53565,52019,54,1188.592593,1185.759259,1169.333333,1174.944444,1136.5,1064.259259,991.9444444,963.3148148
Bhutan,782455,772506,743274,705516,587207,558442,415257,298894,38394,20.37961661,20.12048758,19.35911861,18.3756837,15.29423868,14.54503308,10.81567432,7.78491431
Bolivia,12224110,11936162,11090085,10223270,8592656,7096194,5736088,4585693,1098581,11.12718134,10.86507231,10.0949179,9.305886412,7.821595312,6.459418104,5.22136101,4.174196532
Bosnia and Herzegovina,3233526,3318407,3524324,3811088,4179350,4494310,4199820,3815561,51209,63.14370521,64.80124587,68.82235545,74.42223047,81.61358355,87.76406491,82.01331797,74.50957839
Botswana,2630296,2546402,2305171,2091664,1726985,1341474,938578,592244,582000,4.519408935,4.375261168,3.960774914,3.593924399,2.967328179,2.304938144,1.612676976,1.017601375
Brazil,215313498,213196304,205188205,196353492,175873720,150706446,122288383,96369875,8515767,25.28409925,25.03547878,24.09509384,23.05764026,20.65271631,17.69734259,14.3602312,11.31664065
British Virgin Islands,31305,30910,29366,27556,20104,15617,11109,9581,151,207.3178808,204.7019868,194.4768212,182.4900662,133.1390728,103.4238411,73.56953642,63.45033113
Brunei,449002,441725,421437,396053,333926,261928,187921,133343,5765,77.88412836,76.62185603,73.10268864,68.69956635,57.92298352,45.43417173,32.59687771,23.12974848
Bulgaria,6781953,6979175,7309253,7592273,8097691,8767778,8980606,8582950,110879,61.16535142,62.94406515,65.92098594,68.47349814,73.03178239,79.07519007,80.99465183,77.40825585
Burkina Faso,22673762,21522626,18718019,16116845,11882888,9131361,6932967,5611666,272967,83.06411398,78.84698883,68.57246114,59.04319936,43.53232442,33.45225247,25.39855367,20.55803815
Burundi,12889576,12220227,10727148,9126605,6307659,5483793,4312834,3497834,27834,463.087447,439.0395559,385.3972839,327.8941223,226.6170511,197.017784,154.9484084,125.6676726
Cambodia,16767842,16396860,15417523,14363532,12118841,8910808,6198959,6708525,181035,92.6221007,90.57287265,85.16321706,79.34118817,66.94197807,49.22146546,34.24177093,37.05650841
Cameroon,27914536,26491087,23012646,19878036,15091594,11430520,8519891,6452787,475442,58.7128104,55.71886161,48.40263586,41.80959192,31.74223985,24.04188103,17.91993766,13.57218546
Canada,38454327,37888705,35732126,33963412,30683313,27657204,24511510,21434577,9984670,3.851336799,3.794687756,3.578698745,3.401555785,3.073042274,2.769966759,2.454914384,2.146748666
Cape Verde,593149,582640,552166,521212,458251,364563,317234,287262,4033,147.0738904,144.4681379,136.9119762,129.2367964,113.6253409,90.39499132,78.65955864,71.22787007
Cayman Islands,68706,67311,60911,54074,39658,26027,17100,10533,264,260.25,254.9659091,230.7234848,204.8257576,150.219697,98.58712121,64.77272727,39.89772727
Central African Republic,5579144,5343020,4819333,4660067,3759170,2809221,2415276,2067356,622984,8.955517317,8.576496347,7.735885673,7.480235447,6.034135708,4.509298794,3.876947081,3.318473669
Chad,17723315,16644701,14140274,11894727,8259137,5827069,4408230,3667394,1284000,13.80320483,12.96316277,11.01267445,9.263806075,6.432349688,4.538215732,3.433200935,2.856225857
Chile,19603733,19300315,17870124,17004162,15351799,13342868,11469828,9820481,756102,25.92736562,25.5260732,23.63454137,22.48924351,20.30387302,17.64691536,15.16968346,12.98830184
China,1425887337,1424929781,1393715448,1348191368,1264099069,1153704252,982372466,822534450,9706961,146.8932797,146.7946334,143.5789685,138.88913,130.2260377,118.8532901,101.2028858,84.73655658
Colombia,51874024,50930662,47119728,44816108,39215135,32601393,26176195,20905254,1141748,45.43386457,44.60762095,41.26981435,39.25218875,34.34657648,28.55393046,22.92642072,18.30986698
Comoros,836774,806166,730216,656024,536758,431119,328328,242351,1862,449.3952739,432.9570354,392.1675618,352.3222342,288.2696026,231.5354458,176.3308271,130.1562836
Cook Islands,17011,17029,17695,17212,15897,17123,17651,20470,236,72.08050847,72.15677966,74.97881356,72.93220339,67.36016949,72.55508475,74.79237288,86.73728814
Costa Rica,5180829,5123105,4895242,4622252,3979193,3158253,2414303,1855697,51100,101.3860861,100.2564579,95.79729941,90.45502935,77.8707045,61.80534247,47.24663405,36.31500978
Croatia,4030358,4096868,4254815,4368682,4548434,4873707,4680144,4492638,56594,71.21528784,72.39050076,75.18137965,77.19337739,80.36954447,86.11702654,82.69682298,79.38364491
Cuba,11212191,11300698,11339894,11290417,11105791,10626680,9809107,8869636,109884,102.0366113,102.8420698,103.1987733,102.7485075,101.0683175,96.70816497,89.26783699,80.71817553
Curacao,191163,189288,169572,159380,141424,155446,156851,150385,444,430.5472973,426.3243243,381.9189189,358.963964,318.5225225,350.1036036,353.268018,338.704955
Cyprus,1251488,1237537,1187280,1129686,948237,788500,679327,640804,9251,135.281375,133.7733218,128.3407199,122.1150146,102.5010269,85.23402875,73.43281807,69.26861961
Czech Republic,10493986,10530953,10523798,10464749,10234710,10301192,10270060,9795744,78865,133.0626514,133.5313891,133.4406644,132.6919292,129.7750586,130.6180435,130.223293,124.2090154
Denmark,5882261,5825641,5677796,5550849,5340655,5144623,5125392,4922963,43094,136.4983756,135.1845036,131.7537476,128.8079315,123.9303615,119.381422,118.935165,114.2377825
Djibouti,1120849,1090156,1006259,919199,742033,577173,324121,144379,23200,48.3124569,46.98948276,43.37323276,39.62064655,31.98418103,24.87814655,13.97073276,6.223232759
Dominica,72737,71995,70007,68755,68346,69481,72978,68895,751,96.85352863,95.86551265,93.2183755,91.55126498,91.00665779,92.51797603,97.17443409,91.73768309
Dominican Republic,11228821,10999664,10405832,9775755,8540791,7129004,5755800,4475871,48671,230.7086561,226.0003698,213.7994288,200.8537938,175.4800805,146.4733414,118.2593331,91.96176368
DR Congo,99010212,92853164,78656904,66391257,48616317,35987541,26708686,20151733,2344858,42.22439568,39.59862985,33.54442103,28.31355118,20.73316039,15.34742871,11.39032129,8.594009957
Ecuador,18001000,17588595,16195902,14989585,12626507,10449837,8135845,6172215,276841,65.02288317,63.53320137,58.50254117,54.14510495,45.60923779,37.74671021,29.3881506,22.29516221
Egypt,110990103,107465134,97723799,87252413,71371371,57214630,43748556,34781986,1002450,110.7188418,107.2024879,97.48496085,87.03916704,71.1969385,57.07479675,43.641634,34.6969784
El Salvador,6336392,6292731,6231066,6114034,5958482,5367179,4508992,3619090,21041,301.1450026,299.0699587,296.1392519,290.5771589,283.1843544,255.0819353,214.2955183,172.001806
Equatorial Guinea,1674908,1596049,1346973,1094524,684977,465549,282509,316955,28051,59.70938647,56.89811415,48.01871591,39.0190724,24.41898685,16.59652062,10.07126306,11.29924067
Eritrea,3684032,3555868,3340006,3147727,2392880,2149960,1657982,1272748,117600,31.32680272,30.23697279,28.40141156,26.76638605,20.34761905,18.28197279,14.09848639,10.82268707
Estonia,1326062,1329444,1314657,1331535,1396877,1570674,1476983,1361999,45227,29.32014062,29.39491896,29.06796825,29.44115241,30.88590886,34.72867977,32.65710748,30.11473235
Eswatini,1201670,1180655,1133936,1099920,1030496,854011,598564,442865,17364,69.20467634,67.99441373,65.30384704,63.34485142,59.34669431,49.18284957,34.47155033,25.50478
Ethiopia,123379924,117190911,102471895,89237791,67031867,47878073,34945469,28308246,1104300,111.726817,106.1223499,92.79352984,80.80937336,60.70077606,43.35603821,31.64490537,25.63456126
Falkland Islands,3780,3747,3408,3187,3080,2332,2240,2274,12173,0.310523289,0.307812372,0.279963854,0.261808921,0.253018976,0.191571511,0.184013801,0.186806868
Faroe Islands,53090,52415,48816,48410,45660,47479,43054,38416,1393,38.11198851,37.62742283,35.04379038,34.75233309,32.7781766,34.08399139,30.90739411,27.57788945
Fiji,929766,920422,917200,905169,832509,780430,644582,527634,18272,50.88474168,50.37335814,50.19702277,49.53858363,45.56200744,42.71179947,35.2770359,28.87664186
Finland,5540745,5529468,5479461,5363271,5176209,4986545,4779418,4606621,338424,16.37219878,16.33887668,16.19111233,15.84778562,15.29504113,14.73460807,14.12257405,13.61198083
France,64626628,64480053,63809769,62444567,58665453,56412897,53713830,50523586,551695,117.1419498,116.8762686,115.6613147,113.1867554,106.3367495,102.2537761,97.36145878,91.57883613
French Guiana,304557,290969,257026,228453,164351,113931,66825,46484,83534,3.645904662,3.483240357,3.076902818,2.73485048,1.967474322,1.363887758,0.799973663,0.556468025
French Polynesia,306279,301920,291787,283788,250927,211089,163591,117891,4167,73.50107991,72.4550036,70.02327814,68.10367171,60.21766259,50.65730742,39.2586993,28.29157667
Gabon,2388992,2292573,2028517,1711105,1272935,983028,749078,597192,267668,8.925205852,8.564987223,7.578481552,6.392639389,4.755648789,3.67256452,2.798534005,2.231092249
Gambia,2705992,2573995,2253133,1937275,1437539,1040616,718586,528731,10689,253.1567032,240.8078398,210.7898774,181.2400599,134.4876976,97.35391524,67.22668164,49.46496398
Georgia,3744385,3765912,3771132,3836831,4265172,5391636,5145843,4800426,69700,53.72144907,54.03030129,54.10519369,55.04779053,61.19328551,77.3548924,73.8284505,68.87268293
Germany,83369843,83328988,82073226,81325090,81551677,79370196,77786703,78294583,357114,233.4544235,233.3400203,229.8236025,227.7286525,228.3631473,222.254507,217.8203683,219.2425472
Ghana,33475870,32180401,28870939,25574719,19665502,15446982,11865246,8861895,238533,140.3406237,134.9096393,121.0354081,107.2166912,82.44352773,64.75825986,49.7425765,37.15165197
Gibraltar,32649,32709,32520,31262,27741,27317,28734,26685,6,5441.5,5451.5,5420,5210.333333,4623.5,4552.833333,4789,4447.5
Greece,10384971,10512232,10806641,11033783,11038109,10302255,9307148,8544873,131990,78.67998333,79.64415486,81.87469505,83.59559815,83.62837336,78.05329949,70.51403894,64.73879082
Greenland,56466,56026,55895,56351,56184,55599,50106,45434,2166086,0.026068217,0.025865086,0.025804608,0.026015126,0.025938028,0.025667956,0.023132046,0.02097516
Grenada,125438,123663,118980,114039,107432,99047,94838,98794,344,364.6453488,359.4854651,345.872093,331.5087209,312.3023256,287.9273256,275.6918605,287.1918605
Guadeloupe,395752,395642,399089,403072,424067,391951,334234,318310,1628,243.0909091,243.0233415,245.1406634,247.5872236,260.4834152,240.7561425,205.3034398,195.522113
Guam,171774,169231,167978,164905,160188,138263,110286,88300,549,312.8852459,308.2531876,305.9708561,300.3734062,291.7814208,251.845173,200.8852459,160.8378871
Guatemala,17843908,17362718,16001107,14543121,11735894,9084780,6987767,5453208,108889,163.8724573,159.4533699,146.9487919,133.5591382,107.7785084,83.43156793,64.17330493,50.08043053
Guernsey,63301,62794,61629,60782,59114,57727,52860,52656,78,811.5512821,805.0512821,790.1153846,779.2564103,757.8717949,740.0897436,677.6923077,675.0769231
Guinea,13859341,13205153,11625998,10270728,8336967,6354145,4972609,4222374,245857,56.37155338,53.71070582,47.28764282,41.77521079,33.90982156,25.84488137,20.22561489,17.17410527
Guinea-Bissau,2105566,2015828,1788919,1567220,1230849,973551,831462,591663,36125,58.28556401,55.80146713,49.52024913,43.3832526,34.07194464,26.94950865,23.01624913,16.37821453
Guyana,808726,797202,755031,747932,759051,747116,778176,705261,214969,3.762058715,3.708450986,3.512278515,3.479255148,3.530978885,3.475459252,3.619945201,3.28075676
Haiti,11584996,11306801,10563757,9842880,8360225,6925331,5646676,4680812,27750,417.4773333,407.4522883,380.6759279,354.6983784,301.2693694,249.5614775,203.4838198,168.6779099
Honduras,10432860,10121763,9294505,8450933,6656725,5053234,3777990,2782753,112492,92.7431284,89.97762508,82.62369769,75.12474665,59.1750969,44.92082993,33.58452157,24.73734132
Hong Kong,7488865,7500958,7399838,7132438,6731195,5838574,4978544,3955072,1104,6783.39221,6794.346014,6702.751812,6460.541667,6097.09692,5288.563406,4509.550725,3582.492754
Hungary,9967308,9750573,9844246,9986825,10202055,10375989,10698679,10315366,93028,107.1430967,104.8133143,105.8202477,107.3528938,109.6664983,111.5361934,115.004934,110.8845294
Iceland,372899,366669,331060,318333,281462,255019,228263,204468,103000,3.620378641,3.559893204,3.214174757,3.09061165,2.732640777,2.475912621,2.216145631,1.985126214
India,1417173173,1396387127,1322866505,1240613620,1059633675,870452165,696828385,557501301,3287590,431.0674911,424.7449125,402.3818375,377.3626334,322.3132066,264.7690755,211.9572042,169.5775024
Indonesia,275501339,271857970,259091970,244016173,214072421,182159874,148177096,115228394,1904569,144.6528527,142.7398902,136.0370614,128.1214663,112.3994043,95.64362016,77.80085468,60.50103409
Iran,88550570,87290193,81790841,75373855,65544383,55793629,38520664,28449705,1648195,53.72578487,52.96108349,49.62449285,45.73115135,39.76737158,33.85135193,23.37142389,17.26112808
Iraq,44496122,42556984,37757813,31264875,24628858,17658381,13653369,9811347,438317,101.5158481,97.09179429,86.14270722,71.32936893,56.1896025,40.28678103,31.14953105,22.38413523
Ireland,5023109,4946119,4665760,4524585,3768950,3485374,3391387,2937637,70273,71.47992828,70.38434392,66.39477466,64.38582386,53.63297426,49.5976264,48.26017105,41.80321034
Isle of Man,84519,84046,83593,83828,75562,68865,64022,55298,572,147.7604895,146.9335664,146.1416084,146.5524476,132.1013986,120.3933566,111.9265734,96.67482517
Israel,9038309,8757489,8007778,7328445,6116958,4803254,3744608,2907307,20770,435.1617236,421.6412614,385.545402,352.8379875,294.5092922,231.25922,180.2892634,139.9762638
Italy,59037474,59500579,60232906,59822450,56966397,56756561,56329482,53324036,301336,195.919087,197.4559263,199.8861935,198.5240728,189.0461047,188.3497524,186.9324674,176.9587305
Ivory Coast,28160542,26811790,23596741,21120042,16799670,11910540,8303809,5477086,322463,87.32952928,83.14687266,73.1765846,65.4960166,52.09797713,36.93614461,25.75119936,16.98516109
Jamaica,2827377,2820436,2794445,2733896,2612205,2392030,2135546,1859091,10991,257.2447457,256.613229,254.248476,248.7395141,237.6676372,217.635338,194.2995178,169.1466655
Japan,123951692,125244761,127250933,128105431,126803861,123686321,117624196,105416839,377930,327.9752653,331.3967163,336.7050327,338.9660281,335.5220835,327.2730955,311.2327574,278.9321806
Jersey,110778,108319,100561,96151,86192,82874,75124,68347,116,954.9827586,933.7844828,866.9051724,828.887931,743.0344828,714.4310345,647.6206897,589.1982759
Jordan,11285869,10928721,9494246,6931258,5056174,3480587,2216903,1557374,89342,126.3220993,122.3245618,106.2685635,77.58118242,56.59347228,38.95801527,24.81367106,17.43159992
Kazakhstan,19397998,18979243,17835909,16627837,15236253,16866563,14172710,12265305,2724900,7.118792616,6.965115417,6.545527909,6.102182465,5.591490697,6.189791552,5.201185365,4.501194539
Kenya,54027487,51985780,46851488,41517895,30851606,23162269,16187124,11473087,580367,93.09193493,89.57397647,80.72734666,71.53731174,53.15878746,39.90969335,27.89118609,19.76867568
Kiribati,131232,126463,116707,107995,88826,75124,60813,57437,811,161.8150432,155.9346486,143.9050555,133.162762,109.5265105,92.63131936,74.98520345,70.82244143
Kuwait,4268873,4360444,3908743,2943356,1934901,1674938,1493870,802786,17818,239.5820519,244.7212931,219.3704681,165.1900326,108.5924907,94.00258166,83.84049837,45.05477607
Kyrgyzstan,6630623,6424874,5914980,5483774,4935182,4394734,3691209,3016384,199951,33.1612395,32.1322424,29.58214763,27.42558927,24.68195708,21.97905487,18.46056784,15.08561598
Laos,7529475,7319399,6787419,6323418,5430853,4314443,3297519,2675283,236800,31.79676943,30.90962416,28.66308699,26.70362331,22.93434544,18.21977618,13.92533361,11.2976478
Latvia,1850651,1897052,1991955,2101530,2392530,2689391,2572037,2397414,64559,28.66604192,29.38477981,30.85479949,32.55208414,37.0595889,41.65787884,39.84009975,37.13524063
Lebanon,5489739,5662923,6398940,4995800,4320642,3593700,2963702,2381791,10452,525.2333525,541.8028129,612.2215844,477.9755071,413.3794489,343.8289323,283.5535783,227.8789705
Lesotho,2305825,2254100,2118521,2022747,1998630,1798997,1407672,1023481,30355,75.96195026,74.25794762,69.79150058,66.63636963,65.84187119,59.26526108,46.3736452,33.71704826
Liberia,5302681,5087584,4612329,4019956,2895224,2209731,1932169,1463563,111369,47.61361779,45.68222755,41.41483716,36.09582559,25.99667771,19.84152682,17.34925338,13.14156543
Libya,6812341,6653942,6192235,6491988,5154790,4236983,2962720,1909177,1759540,3.871660207,3.781637246,3.519235141,3.689593871,2.929623652,2.40800607,1.683803721,1.08504325
Liechtenstein,39327,38756,37355,35926,33026,28765,25003,21089,160,245.79375,242.225,233.46875,224.5375,206.4125,179.78125,156.26875,131.80625
Lithuania,2750055,2820267,2963765,3139019,3599637,3785847,3521206,3210147,65300,42.11416539,43.18938744,45.38690658,48.07073507,55.12460949,57.97621746,53.92352221,49.15998469
Luxembourg,647599,630399,569408,507070,435628,381267,363741,339342,2586,250.4249807,243.7737819,220.1887084,196.0827533,168.4563032,147.4350348,140.6577726,131.2227378
Macau,695168,676283,615239,557297,431896,350227,245332,247284,30,23172.26667,22542.76667,20507.96667,18576.56667,14396.53333,11674.23333,8177.733333,8242.8
Madagascar,29611714,28225177,24850912,21731053,16216431,11882762,8948162,6639751,587041,50.44232686,48.08041857,42.33249807,37.01794764,27.62401774,20.24179231,15.2428229,11.31054049
Malawi,20405317,19377061,16938942,14718422,11229387,9539665,6267369,4625141,118484,172.2200213,163.5415837,142.9639614,124.2228655,94.77555619,80.51437325,52.89633199,39.03599642
Malaysia,33938221,33199993,31068833,28717731,22945150,17517054,13215707,10306508,330803,102.5934499,100.3618256,93.91944148,86.81218429,69.36197677,52.9531292,39.95038437,31.15602942
Maldives,523787,514438,435582,361575,282507,224957,164887,123243,300,1745.956667,1714.793333,1451.94,1205.25,941.69,749.8566667,549.6233333,410.81
Mali,22593590,21224040,18112907,15529181,11239101,8945026,7372581,6153587,1240192,18.21781627,17.11351146,14.60492166,12.52159424,9.062387921,7.212613853,5.944709368,4.961801882
Malta,533286,515357,456579,418755,399212,365392,333587,315414,316,1687.613924,1630.876582,1444.870253,1325.174051,1263.329114,1156.303797,1055.655063,998.1455696
Marshall Islands,41569,43413,49410,53416,54224,46047,31988,23969,181,229.6629834,239.8508287,272.9834254,295.1160221,299.5801105,254.4033149,176.7292818,132.4254144
Martinique,367507,370391,383515,392181,432543,374271,333786,326428,1128,325.804078,328.3608156,339.9955674,347.6781915,383.4601064,331.8005319,295.9095745,289.3865248
Mauritania,4736139,4498604,3946220,3419461,2695003,2006027,1506694,1122198,1030700,4.595070341,4.364610459,3.828679538,3.317610362,2.614730765,1.946276317,1.461816241,1.088772679
Mauritius,1299469,1297828,1293153,1283330,1215930,1090290,954865,830115,2040,636.9946078,636.1901961,633.8985294,629.0833333,596.0441176,534.4558824,468.0710784,406.9191176
Mayotte,326101,305587,249545,211786,159215,92659,52233,35383,374,871.9278075,817.0775401,667.2326203,566.2727273,425.7085561,247.7513369,139.6604278,94.60695187
Mexico,127504125,125998302,120149897,112532401,97873442,81720428,67705186,50289306,1964375,64.90824053,64.14167458,61.16444009,57.28661839,49.82421483,41.60123602,34.46652803,25.60066484
Micronesia,114164,112106,109462,107588,111709,98603,76299,58989,702,162.6267806,159.6951567,155.9287749,153.2592593,159.1296296,140.460114,108.6880342,84.02991453
Moldova,3272996,3084847,3277388,3678186,4251573,4480199,4103240,3711140,33846,96.7025941,91.14362111,96.83235833,108.6741712,125.6152278,132.3701176,121.232642,109.6478166
Monaco,36469,36922,36760,33178,32465,30329,27076,24270,2,18234.5,18461,18380,16589,16232.5,15164.5,13538,12135
Mongolia,3398366,3294335,2964749,2702520,2450979,2161433,1697780,1293880,1564110,2.172715474,2.106204167,1.895486251,1.727832441,1.567011911,1.381893217,1.085460741,0.827230821
Montenegro,627082,629048,633966,631044,633324,621442,589324,530268,13812,45.40124529,45.54358529,45.89965248,45.68809731,45.85317116,44.99290472,42.66753548,38.39183319
Montserrat,4390,4500,5059,4938,5138,10805,11452,11402,102,43.03921569,44.11764706,49.59803922,48.41176471,50.37254902,105.9313725,112.2745098,111.7843137
Morocco,37457971,36688772,34680458,32464865,28554415,24570814,19678444,15274351,446550,83.88303885,82.16050162,77.66310156,72.70152279,63.9444967,55.02365693,44.06772814,34.20524241
Mozambique,32969517,31178239,26843246,23073723,17768505,13303459,11413587,8411676,801590,41.13015008,38.89549396,33.48750109,28.78494367,22.16657518,16.59633853,14.23868436,10.49373869
Myanmar,54179306,53423198,51483949,49390988,45538332,40099553,33465781,27284112,676578,80.07843294,78.96088552,76.09462471,73.00117355,67.3068471,59.26818933,49.46330061,40.32663196
Namibia,2567012,2489098,2282704,2099271,1819141,1369011,975994,754467,825615,3.109211921,3.014841058,2.764852867,2.54267546,2.203376877,1.658171181,1.182141797,0.91382424
Nauru,12668,12315,11185,10241,10377,9598,7635,6663,21,603.2380952,586.4285714,532.6190476,487.6666667,494.1428571,457.047619,363.5714286,317.2857143
Nepal,30547580,29348627,27610325,27161567,24559500,19616530,15600442,12501285,147181,207.5511105,199.4049979,187.5943566,184.5453353,166.8659678,133.2816736,105.994945,84.93817137
Netherlands,17564014,17434557,17041107,16617116,15899135,14944548,14130387,13037686,41850,419.6897013,416.5963441,407.1949104,397.0637037,379.9076464,357.0979211,337.6436559,311.5337157
New Caledonia,289950,286403,283032,261426,221537,177264,148599,110982,18575,15.60969044,15.41873486,15.23725437,14.07407806,11.9266218,9.543149394,7.999946164,5.974804845
New Zealand,5185288,5061133,4590590,4346338,3855266,3397389,3147168,2824061,270467,19.17161058,18.71257122,16.97282848,16.06975343,14.25410863,12.56119601,11.63605172,10.44142539
Nicaragua,6948392,6755895,6298598,5855734,5123222,4227820,3303309,2444767,130373,53.29624999,51.81974028,48.31213518,44.91523552,39.29664885,32.42864704,25.33737047,18.75209591
Niger,26207977,24333639,20128124,16647543,11622665,8370647,6173177,4669708,1267000,20.68506472,19.2057135,15.88644357,13.13933938,9.173374112,6.60666693,4.872278611,3.685641673
Nigeria,218541212,208327405,183995785,160952853,122851984,95214257,72951439,55569264,923768,236.5758632,225.5191834,199.1796479,174.2351467,132.9900841,103.0716121,78.97160218,60.15499996
Niue,1934,1942,1847,1812,2074,2533,3637,5185,260,7.438461538,7.469230769,7.103846154,6.969230769,7.976923077,9.742307692,13.98846154,19.94230769
North Korea,26069416,25867467,25258015,24686435,23367059,20799523,17973650,14996879,120538,216.2754982,214.6001012,209.5440027,204.8020956,193.8563689,172.5557335,149.1118983,124.4161924
North Macedonia,2093599,2111072,2107962,2093828,2037936,2044174,1907023,1656783,25713,81.42180998,82.10134951,81.98039902,81.43071598,79.25702952,79.49963054,74.16571384,64.43367168
Northern Mariana Islands,49551,49587,51514,54087,80338,48002,17613,10143,464,106.7909483,106.8685345,111.0215517,116.5668103,173.1422414,103.4525862,37.95905172,21.85991379
Norway,5434319,5379839,5190356,4889741,4491202,4241636,4085776,3875546,323802,16.78284569,16.61459472,16.02941304,15.10102161,13.87021081,13.09947437,12.61813083,11.96887604
Oman,4576298,4543399,4191776,2881914,2344253,1804524,1017462,670693,309500,14.78610016,14.67980291,13.54370275,9.311515347,7.574323102,5.830449111,3.287437803,2.167021002
Pakistan,235824862,227196741,210969298,194454498,154369924,115414069,80624057,59290872,881912,267.4018065,257.6183803,239.218083,220.4919516,175.0400539,130.8680106,91.4196167,67.22991863
Palau,18055,17972,17794,18540,19726,15293,12252,11366,459,39.33551198,39.1546841,38.76688453,40.39215686,42.97603486,33.31808279,26.69281046,24.76252723
Palestine,5250072,5019401,4484614,3992278,3139954,2124609,1453620,1118241,6220,844.0630225,806.9776527,720.9990354,641.8453376,504.8157556,341.5770096,233.7009646,179.7815113
Panama,4408581,4294396,3957099,3623617,3001731,2449968,1956987,1516188,75417,58.45606428,56.94201573,52.46958908,48.04774786,39.80178209,32.48561995,25.9488842,20.10406142
Papua New Guinea,10142619,9749640,8682174,7583269,5508297,3864972,3104788,2489059,462840,21.91387737,21.06481722,18.75847809,16.38421269,11.90108245,8.350557428,6.708123758,5.377795783
Paraguay,6780744,6618695,6177950,5768613,5123819,4059195,3078912,2408787,406752,16.67046259,16.27206504,15.18849323,14.18213801,12.59691163,9.979532983,7.569506726,5.922004071
Peru,34049588,33304756,30711863,29229572,26654439,22109099,17492406,13562371,1285216,26.49328051,25.91374213,23.89626569,22.7429257,20.73926795,17.20263286,13.61047948,10.5526005
Philippines,115559009,112190977,103031365,94636700,77958223,61558898,48419546,37435586,342353,337.5434391,327.7055466,300.9506708,276.4301759,227.7129834,179.8111832,141.4316393,109.3479128
Poland,39857145,38428366,38553146,38597353,38504431,38064255,35521429,32482943,312679,127.4698493,122.9003739,123.2994413,123.4408227,123.1436425,121.7358857,113.6035007,103.8859117
Portugal,10270865,10298192,10365435,10588401,10300626,10007346,9785252,8683631,92090,111.5307308,111.8274731,112.557661,114.9788359,111.8539038,108.6691932,106.2574872,94.29504832
Puerto Rico,3252407,3271564,3497335,3717922,3827108,3543776,3214568,2737619,8870,366.6749718,368.8347238,394.2880496,419.1569335,431.4665163,399.523788,362.4090192,308.6379932
Qatar,2695122,2760385,2414573,1713504,645937,441675,277450,118007,11586,232.6188503,238.2517694,208.4043673,147.8943553,55.75151044,38.12143967,23.94700501,10.18530986
Republic of the Congo,5970424,5702174,5064386,4437884,3134030,2385435,1829256,1396989,342000,17.45738012,16.67302339,14.8081462,12.97626901,9.163830409,6.97495614,5.348701754,4.084763158
Reunion,974052,957822,922495,890130,785424,658992,551674,473925,2511,387.9139785,381.4504182,367.3815213,354.4922342,312.7933094,262.442055,219.7029072,188.739546
Romania,19659267,19442038,19906079,20335211,21919876,22836234,22125224,19922618,238391,82.46648154,81.55525167,83.50180586,85.30192415,91.94925983,95.7931885,92.81065141,83.57118348
Russia,144713314,145617329,144668389,143242599,146844839,148005704,138257420,130093010,17098242,8.463637022,8.516508832,8.461009559,8.377621454,8.588300423,8.656194245,8.086060544,7.608560576
Rwanda,13776698,13146362,11642959,10309031,8109989,7319962,5247532,3896367,26338,523.0730503,499.1404814,442.0593439,391.4128256,307.9196978,277.9239882,199.2380591,147.9370871
Saint Barthelemy,10967,10681,9643,8988,7082,5168,2983,2417,21,522.2380952,508.6190476,459.1904762,428,337.2380952,246.0952381,142.047619,115.0952381
Saint Kitts and Nevis,47657,47642,47790,47403,45461,40636,43097,44968,261,182.5938697,182.5363985,183.1034483,181.6206897,174.1800766,155.6934866,165.1226054,172.2911877
Saint Lucia,179857,179237,175623,170935,159500,142301,121633,103090,616,291.9756494,290.9691558,285.1022727,277.4918831,258.9285714,231.0081169,197.4561688,167.3538961
Saint Martin,31791,32552,35020,36458,29610,28127,7776,5802,53,599.8301887,614.1886792,660.754717,687.8867925,558.6792453,530.6981132,146.7169811,109.4716981
Saint Pierre and Miquelon,5862,5906,5978,6052,6274,6324,6106,5537,242,24.2231405,24.40495868,24.70247934,25.00826446,25.92561983,26.1322314,25.23140496,22.88016529
Saint Vincent and the Grenadines,103948,104632,106482,109308,113813,112487,107480,98459,389,267.218509,268.9768638,273.7326478,280.9974293,292.5784062,289.1696658,276.2982005,253.1079692
Samoa,222382,214929,203571,194672,184008,168186,164905,142771,2842,78.24841661,75.62596763,71.62948628,68.49824068,64.74595355,59.17874736,58.02427868,50.23610134
San Marino,33660,34007,33570,31608,26823,23132,21346,18169,61,551.8032787,557.4918033,550.3278689,518.1639344,439.7213115,379.2131148,349.9344262,297.852459
Sao Tome and Principe,227380,218641,201124,182138,143714,120343,97210,77583,964,235.8713693,226.8060166,208.6348548,188.939834,149.0809129,124.8371369,100.840249,80.48029046
Saudi Arabia,36408820,35997107,32749848,29411929,21547390,16004763,10171710,6106191,2149690,16.93677693,16.7452549,15.23468407,13.68193972,10.02348711,7.445149301,4.731710154,2.840498397
Senegal,17316449,16436119,14356181,12530121,9704287,7536001,5703869,4367744,196722,88.02497433,83.54997916,72.976998,63.69455882,49.32995293,38.30787101,28.99456594,22.20262096
Serbia,7221365,7358005,7519496,7653748,7935022,7987529,7777010,7193533,88361,81.72570478,83.27208836,85.09971594,86.61907403,89.80231097,90.39654372,88.01405597,81.41072419
Seychelles,107118,105530,99240,92409,80060,71057,65290,54379,452,236.9867257,233.4734513,219.5575221,204.4446903,177.1238938,157.2057522,144.4469027,120.3075221
Sierra Leone,8605718,8233969,7314773,6436698,4584067,4325388,3367477,2778557,71740,119.9570393,114.7751464,101.9622665,89.72258154,63.89834123,60.29255645,46.94001951,38.73093114
Singapore,5975689,5909869,5650018,5163590,4053602,3022209,2400729,2061831,710,8416.46338,8323.759155,7957.771831,7272.661972,5709.298592,4256.632394,3381.308451,2903.987324
Sint Maarten,44175,43621,40205,33034,30489,27845,12243,6260,34,1299.264706,1282.970588,1182.5,971.5882353,896.7352941,818.9705882,360.0882353,184.1176471
Slovakia,5643453,5456681,5424444,5396424,5376690,5261305,4973883,4522867,49037,115.0856088,111.2768114,110.6194098,110.0480046,109.6455738,107.2925546,101.4312254,92.23376226
Slovenia,2119844,2117641,2080862,2057286,1984339,1986024,1901570,1741286,20273,104.5648893,104.4562226,102.6420362,101.4791101,97.88087604,97.96399152,93.79815518,85.89187589
Solomon Islands,724273,691191,612660,540394,429978,324171,233668,172833,28896,25.06481866,23.91995432,21.20224252,18.70134275,14.88019103,11.21854236,8.086517165,5.981208472
Somalia,17597511,16537016,13763906,12026649,8721465,6999096,5892224,3720977,637657,27.59714235,25.93403036,21.58512492,18.86068686,13.67736103,10.97627094,9.240428632,5.835389559
South Africa,59893885,58801927,55876504,51784921,46813266,39877570,29463549,22368306,1221037,49.05165445,48.15736706,45.76151583,42.41060754,38.33894141,32.65877283,24.12993955,18.31910581
South Korea,51815810,51844690,50994401,48813042,46788591,44120039,38170501,32601143,100210,517.0722483,517.3604431,508.8753717,487.1074943,466.9054086,440.2758108,380.9051093,325.3282407
South Sudan,10913164,10606227,11194299,9714419,6114440,4750817,4192011,3342410,619745,17.60911988,17.11385651,18.06275,15.67486466,9.866057814,7.665760918,6.764090069,5.393202043
Spain,47558630,47363807,46431342,46572772,40741651,38889889,37491666,33792617,505992,93.99087337,93.60584159,91.76299625,92.0425066,80.51836986,76.8587033,74.09537305,66.78488395
Sri Lanka,21832143,21715079,21336697,20668557,18776371,17204094,14943645,12388769,65610,332.7563329,330.9720927,325.2049535,315.0214449,286.1815424,262.2175583,227.7647462,188.8244018
Sudan,46874204,44440486,38171178,33739933,26298773,21090886,16673586,11305206,1886068,24.85287063,23.56250464,20.23849511,17.88903316,13.94370351,11.1824632,8.840394938,5.99406066
Suriname,618040,607065,575475,546080,478998,412756,375112,379918,163820,3.772677329,3.705683067,3.512849469,3.333414723,2.923928702,2.51957026,2.289781467,2.319118545
Sweden,10549347,10368969,9849349,9381729,8871043,8548406,8311763,8027702,450295,23.42763522,23.02705782,21.87310319,20.83462841,19.70051411,18.9840127,18.45848388,17.82765076
Switzerland,8740472,8638613,8281732,7822435,7182059,6711693,6319113,6181227,41284,211.7157252,209.2484498,200.6039143,189.4786116,173.9671301,162.5737089,153.064456,149.724518
Syria,22125249,20772595,19205178,22337563,16307654,12408996,8898954,6319199,185180,119.47969,112.1751539,103.7108651,120.6262177,88.06379739,67.01045469,48.05569716,34.12463009
Taiwan,23893394,23821464,23512136,23083083,22194731,20586174,18100281,14957870,36193,660.1661647,658.1787638,649.6321388,637.7775537,613.2326969,568.7888266,500.1044677,413.2807449
Tajikistan,9952787,9543207,8524063,7621779,6272998,5417860,4045965,2993019,143100,69.55127184,66.68907757,59.5671768,53.26190776,43.83646401,37.86065688,28.27368973,20.91557652
Tanzania,65497748,61704518,52542823,45110527,34463704,26206012,19297659,13618192,945087,69.30340593,65.28977544,55.59575256,47.73161307,36.46617084,27.72867683,20.41892334,14.4094586
Thailand,71697030,71475664,70294397,68270489,63066603,55228410,45737753,35791728,513120,139.7276076,139.2961958,136.9940696,133.0497525,122.9080975,107.6325421,89.1365626,69.75313377
Timor-Leste,1341296,1299995,1205813,1088486,878360,758106,642224,554021,14874,90.177222,87.40049751,81.06850881,73.18044911,59.05338174,50.9685357,43.17762539,37.24761328
Togo,8848699,8442580,7473229,6571855,5008035,3875947,2838110,2197383,56785,155.828106,148.6762349,131.6056881,115.7322356,88.19292067,68.25652901,49.97992428,38.69653958
Tokelau,1871,1827,1454,1367,1666,1669,1647,1714,12,155.9166667,152.25,121.1666667,113.9166667,138.8333333,139.0833333,137.25,142.8333333
Tonga,106858,105254,106122,107383,102603,98727,96708,86484,747,143.0495315,140.9022758,142.064257,143.7523427,137.3534137,132.1646586,129.4618474,115.7751004
Trinidad and Tobago,1531044,1518147,1460177,1410296,1332203,1266518,1127852,988890,5130,298.4491228,295.9350877,284.6348928,274.911501,259.688694,246.8846004,219.854191,192.7660819
Tunisia,12356117,12161723,11557779,10895063,9893316,8440023,6578156,5047404,163610,75.52177129,74.33361653,70.64225292,66.59166921,60.46889554,51.58622945,40.20631991,30.85021698
Turkey,85341241,84135428,79646178,73195345,64113547,54324142,44089069,35540990,783562,108.9144714,107.3755848,101.6462998,93.41359714,81.82319587,69.32973013,56.26749255,45.35823585
Turkmenistan,6430770,6250438,5766431,5267970,4569132,3720278,2862903,2201432,488100,13.17510756,12.80565048,11.81403606,10.79280885,9.36105716,7.621958615,5.865402581,4.510206925
Turks and Caicos Islands,45703,44276,36538,29726,18744,11709,7598,5665,948,48.20991561,46.70464135,38.54219409,31.35654008,19.7721519,12.35126582,8.014767932,5.975738397
Tuvalu,11312,11069,10877,10550,9638,9182,7731,5814,26,435.0769231,425.7307692,418.3461538,405.7692308,370.6923077,353.1538462,297.3461538,223.6153846
Uganda,47249585,44404611,37477356,32341728,24020697,17586630,13284026,10317212,241550,195.6099565,183.8319644,155.1536162,133.8924777,99.44399503,72.80741047,54.99493273,42.71253157
Ukraine,39701739,43909666,44982564,45683020,48879755,51589817,49973920,47279086,603500,65.78581442,72.75835294,74.53614582,75.69680199,80.99379453,85.48436951,82.80682684,78.34148467
United Arab Emirates,9441129,9287289,8916899,8481771,3275333,1900151,1014048,298084,83600,112.9321651,111.0919737,106.6614713,101.4565909,39.1786244,22.72907895,12.12976077,3.565598086
United Kingdom,67508936,67059474,65224364,62760039,58850043,57210442,56326328,55650166,242900,277.9289255,276.0785261,268.5235241,258.3780939,242.280951,235.530844,231.8910169,229.1073117
United States,338289857,335942003,324607776,311182845,282398554,248083732,223140018,200328340,9372610,36.09345284,35.84295122,34.63365871,33.20130092,30.13019362,26.46901258,23.80767129,21.37380516
United States Virgin Islands,99465,100442,102803,106142,108185,100685,96640,63446,347,286.6426513,289.4582133,296.2622478,305.8847262,311.7723343,290.1585014,278.5014409,182.8414986
Uruguay,3422794,3429086,3402818,3352651,3292224,3117012,2953750,2790265,181034,18.90691251,18.94166842,18.7965686,18.51945491,18.18566678,17.21782649,16.31599589,15.41293348
Uzbekistan,34627652,33526656,30949417,28614227,24925554,20579100,15947129,12011361,447400,77.39752347,74.9366473,69.17616674,63.9566987,55.71201162,45.99709432,35.6440076,26.8470295
Vanuatu,326740,311685,276438,245453,192074,150882,118156,87019,12189,26.80613668,25.57100665,22.67930101,20.1372549,15.75797851,12.37853803,9.693658216,7.139141849
Vatican City,510,520,564,596,651,700,733,752,1,510,520,564,596,651,700,733,752
Venezuela,28301696,28490453,30529716,28715022,24427729,19750579,15210443,11355475,916445,30.88204529,31.08801183,33.31320046,31.33305545,26.65487727,21.55129768,16.59722406,12.39078723
Vietnam,98186856,96648685,92191398,87411012,79001142,66912613,52968270,41928849,331212,296.4471577,291.8030899,278.3455853,263.9125756,238.521376,202.0235167,159.9225572,126.5921796
Wallis and Futuna,11572,11655,12182,13142,14723,13454,11315,9377,142,81.49295775,82.07746479,85.78873239,92.54929577,103.6830986,94.74647887,79.68309859,66.03521127
Western Sahara,575986,556048,491824,413296,270375,178529,116775,76371,266000,2.165360902,2.090406015,1.848962406,1.553744361,1.016447368,0.671161654,0.439003759,0.287109023
Yemen,33696614,32284046,28516545,24743946,18628700,13375121,9204938,6843607,527968,63.82321277,61.14773244,54.0118814,46.86637448,35.2837672,25.33320391,17.43465134,12.96216248
Zambia,20017675,18927715,16248230,13792086,9891136,7686401,5720438,4281671,752612,26.59760275,25.14936647,21.58911896,18.32562595,13.1424107,10.21296631,7.600779685,5.689081492
Zimbabwe,16320537,15669666,14154937,12839771,11834676,10113893,7049926,5202918,390757,41.766461,40.1007941,36.22439777,32.85871014,30.28653613,25.88281976,18.0417139,13.31497069
