Country,Year,populationDensity
Afghanistan,2022,63.05869249
Afghanistan,2020,59.75228064
Afghanistan,2015,51.75091455
Afghanistan,2010,43.22044677
Afghanistan,2000,29.96332889
Afghanistan,1990,16.39727703
Afghanistan,1980,19.1445211
Afghanistan,1970,16.48647103
Albania,2022,98.87021706
Albania,2020,99.72342424
Albania,2015,100.2671838
Albania,2010,101.3426673
Albania,2000,110.6866912
Albania,1990,114.6189648
Albania,1980,102.3254139
Albania,1970,80.86583414
Algeria,2022,18.85310997
Algeria,2020,18.24365706
Algeria,2015,16.60262556
Algeria,2010,15.05467807
Algeria,2000,12.92106111
Algeria,1990,10.71404237
Algeria,1980,7.867932743
Algeria,1970,5.792365753
American Samoa,2022,222.4773869
American Samoa,2020,232.1055276
American Samoa,2015,258.1306533
American Samoa,2010,275.6231156
American Samoa,2000,292.6130653
American Samoa,1990,240.2914573
American Samoa,1980,165.2562814
American Samoa,1970,136.0552764
Andorra,2022,170.5641026
Andorra,2020,166.025641
Andorra,2015,153.3034188
Andorra,2010,152.8183761
Andorra,2000,141.232906
Andorra,1990,114.4636752
Andorra,1980,76.09188034
Andorra,1970,42.43589744
Angola,2022,28.5465525
Angola,2020,26.81357584
Angola,2015,22.56173979
Angola,2010,18.74082377
Angola,2000,13.14996551
Angola,1990,9.487958611
Angola,1980,6.681677228
Angola,1970,4.836528435
Anguilla,2022,174.2527473
Anguilla,2020,171.2637363
Anguilla,2015,159.6153846
Anguilla,2010,144.7472527
Anguilla,2000,121.3956044
Anguilla,1990,91.38461538
Anguilla,1980,72.08791209
Anguilla,1970,69.04395604
Antigua and Barbuda,2022,212.1334842
Antigua and Barbuda,2020,209.6470588
Antigua and Barbuda,2015,203.4864253
Antigua and Barbuda,2010,193.8800905
Antigua and Barbuda,2000,169.8076923
Antigua and Barbuda,1990,143.2760181
Antigua and Barbuda,1980,146.8054299
Antigua and Barbuda,1970,145.9638009
Argentina,2022,16.36826284
Argentina,2020,16.19768091
Argentina,2015,15.55785678
Argentina,2010,14.78208999
Argentina,2000,13.33289239
Argentina,1990,11.7384754
Argentina,1980,10.07941411
Argentina,1970,8.575313984
Armenia,2022,93.48313889
Armenia,2020,94.32834617
Armenia,2015,96.7822681
Armenia,2010,99.05836667
Armenia,2000,106.5300407
Armenia,1990,119.5756649
Armenia,1980,105.4070874
Armenia,1970,85.20919208
Aruba,2022,591.3611111
Aruba,2020,592.1388889
Aruba,2015,579.2055556
Aruba,2010,557.45
Aruba,2000,495.0055556
Aruba,1990,365.0666667
Aruba,1980,345.9277778
Aruba,1970,328.3666667
Australia,2022,3.4031892
Australia,2020,3.337229707
Australia,2015,3.096744888
Australia,2010,2.862597413
Australia,2000,2.472426373
Australia,1990,2.216322128
Australia,1980,1.911892371
Australia,1970,1.637414808
Austria,2022,106.5877002
Austria,2020,106.2080695
Austria,2015,103.0442108
Austria,2010,99.71061511
Austria,2000,95.5089125
Austria,1990,91.55404133
Austria,1980,89.99011577
Austria,1970,89.00932384
Azerbaijan,2022,119.6082448
Azerbaijan,2020,118.7638684
Azerbaijan,2015,113.8969977
Azerbaijan,2010,106.6651501
Azerbaijan,2000,94.57663972
Azerbaijan,1990,85.77177829
Azerbaijan,1980,73.7073903
Azerbaijan,1970,62.64800231
Bahamas,2022,29.40428889
Bahamas,2020,29.1523345
Bahamas,2015,28.16445528
Bahamas,2010,26.77128308
Bahamas,2000,23.31019149
Bahamas,1990,19.41325396
Bahamas,1980,16.04762246
Bahamas,1970,12.84723517
Bahrain,2022,1924.487582
Bahrain,2020,1931.332026
Bahrain,2015,1780.577778
Bahrain,2010,1586.464052
Bahrain,2000,929.9895425
Bahrain,1990,676.3633987
Bahrain,1980,473.9803922
Bahrain,1970,290.9215686
Bangladesh,2022,1160.035048
Bangladesh,2020,1134.518879
Bangladesh,2015,1069.526326
Bangladesh,2010,1005.564403
Bangladesh,2000,875.4714847
Bangladesh,1990,726.0801721
Bangladesh,1980,568.7454428
Bangladesh,1970,457.6937047
Barbados,2022,654.9651163
Barbados,2020,652.7744186
Barbados,2015,646.7046512
Barbados,2010,638.8627907
Barbados,2000,615.4813953
Barbados,1990,602.0186047
Barbados,1980,589.7093023
Barbados,1970,561.3883721
Belarus,2022,45.92945087
Belarus,2020,46.40529865
Belarus,2015,46.72740366
Belarus,2010,46.8758526
Belarus,2000,49.40502408
Belarus,1990,50.23374277
Belarus,1980,47.28929191
Belarus,1970,44.17526975
Belgium,2022,381.8111242
Belgium,2020,378.7250066
Belgium,2015,368.4585626
Belgium,2010,356.3268802
Belgium,2000,336.2271685
Belgium,1990,326.2434486
Belgium,1980,321.9662605
Belgium,1970,315.427673
Belize,2022,17.64660803
Belize,2020,17.19589828
Belize,2015,15.66972916
Belize,2010,14.02534181
Belize,2000,10.46790908
Belize,1990,7.950404946
Belize,1980,6.319472263
Belize,1970,5.264521467
Benin,2022,118.5635489
Benin,2020,112.2615741
Benin,2015,97.07502087
Benin,2010,83.87091332
Benin,2000,62.13726448
Benin,1990,45.58096109
Benin,1980,34.04254053
Benin,1970,26.84593596
Bermuda,2022,1188.592593
Bermuda,2020,1185.759259
Bermuda,2015,1169.333333
Bermuda,2010,1174.944444
Bermuda,2000,1136.5
Bermuda,1990,1064.259259
Bermuda,1980,991.9444444
Bermuda,1970,963.3148148
Bhutan,2022,20.37961661
Bhutan,2020,20.12048758
Bhutan,2015,19.35911861
Bhutan,2010,18.3756837
Bhutan,2000,15.29423868
Bhutan,1990,14.54503308
Bhutan,1980,10.81567432
Bhutan,1970,7.78491431
Bolivia,2022,11.12718134
Bolivia,2020,10.86507231
Bolivia,2015,10.0949179
Bolivia,2010,9.305886412
Bolivia,2000,7.821595312
Bolivia,1990,6.459418104
Bolivia,1980,5.22136101
Bolivia,1970,4.174196532
Bosnia and Herzegovina,2022,63.14370521
Bosnia and Herzegovina,2020,64.80124587
Bosnia and Herzegovina,2015,68.82235545
Bosnia and Herzegovina,2010,74.42223047
Bosnia and Herzegovina,2000,81.61358355
Bosnia and Herzegovina,1990,87.76406491
Bosnia and Herzegovina,1980,82.01331797
Bosnia and Herzegovina,1970,74.50957839
Botswana,2022,4.519408935
Botswana,2020,4.375261168
Botswana,2015,3.960774914
Botswana,2010,3.593924399
Botswana,2000,2.967328179
Botswana,1990,2.304938144
Botswana,1980,1.612676976
Botswana,1970,1.017601375
Brazil,2022,25.28409925
Brazil,2020,25.03547878
Brazil,2015,24.09509384
Brazil,2010,23.05764026
Brazil,2000,20.65271631
Brazil,1990,17.69734259
Brazil,1980,14.3602312
Brazil,1970,11.31664065
British Virgin Islands,2022,207.3178808
British Virgin Islands,2020,204.7019868
British Virgin Islands,2015,194.4768212
British Virgin Islands,2010,182.4900662
British Virgin Islands,2000,133.1390728
British Virgin Islands,1990,103.4238411
British Virgin Islands,1980,73.56953642
British Virgin Islands,1970,63.45033113
Brunei,2022,77.88412836
Brunei,2020,76.62185603
Brunei,2015,73.10268864
Brunei,2010,68.69956635
Brunei,2000,57.92298352
Brunei,1990,45.43417173
Brunei,1980,32.59687771
Brunei,1970,23.12974848
Bulgaria,2022,61.16535142
Bulgaria,2020,62.94406515
Bulgaria,2015,65.92098594
Bulgaria,2010,68.47349814
Bulgaria,2000,73.03178239
Bulgaria,1990,79.07519007
Bulgaria,1980,80.99465183
Bulgaria,1970,77.40825585
Burkina Faso,2022,83.06411398
Burkina Faso,2020,78.84698883
Burkina Faso,2015,68.57246114
Burkina Faso,2010,59.04319936
Burkina Faso,2000,43.53232442
Burkina Faso,1990,33.45225247
Burkina Faso,1980,25.39855367
Burkina Faso,1970,20.55803815
Burundi,2022,463.087447
Burundi,2020,439.0395559
Burundi,2015,385.3972839
Burundi,2010,327.8941223
Burundi,2000,226.6170511
Burundi,1990,197.017784
Burundi,1980,154.9484084
Burundi,1970,125.6676726
Cambodia,2022,92.6221007
Cambodia,2020,90.57287265
Cambodia,2015,85.16321706
Cambodia,2010,79.34118817
Cambodia,2000,66.94197807
Cambodia,1990,49.22146546
Cambodia,1980,34.24177093
Cambodia,1970,37.05650841
Cameroon,2022,58.7128104
Cameroon,2020,55.71886161
Cameroon,2015,48.40263586
Cameroon,2010,41.80959192
Cameroon,2000,31.74223985
Cameroon,1990,24.04188103
Cameroon,1980,17.91993766
Cameroon,1970,13.57218546
Canada,2022,3.851336799
Canada,2020,3.794687756
Canada,2015,3.578698745
Canada,2010,3.401555785
Canada,2000,3.073042274
Canada,1990,2.769966759
Canada,1980,2.454914384
Canada,1970,2.146748666
Cape Verde,2022,147.0738904
Cape Verde,2020,144.4681379
Cape Verde,2015,136.9119762
Cape Verde,2010,129.2367964
Cape Verde,2000,113.6253409
Cape Verde,1990,90.39499132
Cape Verde,1980,78.65955864
Cape Verde,1970,71.22787007
Cayman Islands,2022,260.25
Cayman Islands,2020,254.9659091
Cayman Islands,2015,230.7234848
Cayman Islands,2010,204.8257576
Cayman Islands,2000,150.219697
Cayman Islands,1990,98.58712121
Cayman Islands,1980,64.77272727
Cayman Islands,1970,39.89772727
Central African Rep.,2022,8.955517317
Central African Rep.,2020,8.576496347
Central African Rep.,2015,7.735885673
Central African Rep.,2010,7.480235447
Central African Rep.,2000,6.034135708
Central African Rep.,1990,4.509298794
Central African Rep.,1980,3.876947081
Central African Rep.,1970,3.318473669
Chad,2022,13.80320483
Chad,2020,12.96316277
Chad,2015,11.01267445
Chad,2010,9.263806075
Chad,2000,6.432349688
Chad,1990,4.538215732
Chad,1980,3.433200935
Chad,1970,2.856225857
Chile,2022,25.92736562
Chile,2020,25.5260732
Chile,2015,23.63454137
Chile,2010,22.48924351
Chile,2000,20.30387302
Chile,1990,17.64691536
Chile,1980,15.16968346
Chile,1970,12.98830184
China,2022,146.8932797
China,2020,146.7946334
China,2015,143.5789685
China,2010,138.88913
China,2000,130.2260377
China,1990,118.8532901
China,1980,101.2028858
China,1970,84.73655658
Colombia,2022,45.43386457
Colombia,2020,44.60762095
Colombia,2015,41.26981435
Colombia,2010,39.25218875
Colombia,2000,34.34657648
Colombia,1990,28.55393046
Colombia,1980,22.92642072
Colombia,1970,18.30986698
Comoros,2022,449.3952739
Comoros,2020,432.9570354
Comoros,2015,392.1675618
Comoros,2010,352.3222342
Comoros,2000,288.2696026
Comoros,1990,231.5354458
Comoros,1980,176.3308271
Comoros,1970,130.1562836
Cook Islands,2022,72.08050847
Cook Islands,2020,72.15677966
Cook Islands,2015,74.97881356
Cook Islands,2010,72.93220339
Cook Islands,2000,67.36016949
Cook Islands,1990,72.55508475
Cook Islands,1980,74.79237288
Cook Islands,1970,86.73728814
Costa Rica,2022,101.3860861
Costa Rica,2020,100.2564579
Costa Rica,2015,95.79729941
Costa Rica,2010,90.45502935
Costa Rica,2000,77.8707045
Costa Rica,1990,61.80534247
Costa Rica,1980,47.24663405
Costa Rica,1970,36.31500978
Croatia,2022,71.21528784
Croatia,2020,72.39050076
Croatia,2015,75.18137965
Croatia,2010,77.19337739
Croatia,2000,80.36954447
Croatia,1990,86.11702654
Croatia,1980,82.69682298
Croatia,1970,79.38364491
Cuba,2022,102.0366113
Cuba,2020,102.8420698
Cuba,2015,103.1987733
Cuba,2010,102.7485075
Cuba,2000,101.0683175
Cuba,1990,96.70816497
Cuba,1980,89.26783699
Cuba,1970,80.71817553
Curacao,2022,430.5472973
Curacao,2020,426.3243243
Curacao,2015,381.9189189
Curacao,2010,358.963964
Curacao,2000,318.5225225
Curacao,1990,350.1036036
Curacao,1980,353.268018
Curacao,1970,338.704955
Cyprus,2022,135.281375
Cyprus,2020,133.7733218
Cyprus,2015,128.3407199
Cyprus,2010,122.1150146
Cyprus,2000,102.5010269
Cyprus,1990,85.23402875
Cyprus,1980,73.43281807
Cyprus,1970,69.26861961
Czech Republic,2022,133.0626514
Czech Republic,2020,133.5313891
Czech Republic,2015,133.4406644
Czech Republic,2010,132.6919292
Czech Republic,2000,129.7750586
Czech Republic,1990,130.6180435
Czech Republic,1980,130.223293
Czech Republic,1970,124.2090154
Denmark,2022,136.4983756
Denmark,2020,135.1845036
Denmark,2015,131.7537476
Denmark,2010,128.8079315
Denmark,2000,123.9303615
Denmark,1990,119.381422
Denmark,1980,118.935165
Denmark,1970,114.2377825
Djibouti,2022,48.3124569
Djibouti,2020,46.98948276
Djibouti,2015,43.37323276
Djibouti,2010,39.62064655
Djibouti,2000,31.98418103
Djibouti,1990,24.87814655
Djibouti,1980,13.97073276
Djibouti,1970,6.223232759
Dominica,2022,96.85352863
Dominica,2020,95.86551265
Dominica,2015,93.2183755
Dominica,2010,91.55126498
Dominica,2000,91.00665779
Dominica,1990,92.51797603
Dominica,1980,97.17443409
Dominica,1970,91.73768309
Dominican Republic,2022,230.7086561
Dominican Republic,2020,226.0003698
Dominican Republic,2015,213.7994288
Dominican Republic,2010,200.8537938
Dominican Republic,2000,175.4800805
Dominican Republic,1990,146.4733414
Dominican Republic,1980,118.2593331
Dominican Republic,1970,91.96176368
Dem. Rep. Congo,2022,42.22439568
Dem. Rep. Congo,2020,39.59862985
Dem. Rep. Congo,2015,33.54442103
Dem. Rep. Congo,2010,28.31355118
Dem. Rep. Congo,2000,20.73316039
Dem. Rep. Congo,1990,15.34742871
Dem. Rep. Congo,1980,11.39032129
Dem. Rep. Congo,1970,8.594009957
Ecuador,2022,65.02288317
Ecuador,2020,63.53320137
Ecuador,2015,58.50254117
Ecuador,2010,54.14510495
Ecuador,2000,45.60923779
Ecuador,1990,37.74671021
Ecuador,1980,29.3881506
Ecuador,1970,22.29516221
Egypt,2022,110.7188418
Egypt,2020,107.2024879
Egypt,2015,97.48496085
Egypt,2010,87.03916704
Egypt,2000,71.1969385
Egypt,1990,57.07479675
Egypt,1980,43.641634
Egypt,1970,34.6969784
El Salvador,2022,301.1450026
El Salvador,2020,299.0699587
El Salvador,2015,296.1392519
El Salvador,2010,290.5771589
El Salvador,2000,283.1843544
El Salvador,1990,255.0819353
El Salvador,1980,214.2955183
El Salvador,1970,172.001806
Equatorial Guinea,2022,59.70938647
Equatorial Guinea,2020,56.89811415
Equatorial Guinea,2015,48.01871591
Equatorial Guinea,2010,39.0190724
Equatorial Guinea,2000,24.41898685
Equatorial Guinea,1990,16.59652062
Equatorial Guinea,1980,10.07126306
Equatorial Guinea,1970,11.29924067
Eritrea,2022,31.32680272
Eritrea,2020,30.23697279
Eritrea,2015,28.40141156
Eritrea,2010,26.76638605
Eritrea,2000,20.34761905
Eritrea,1990,18.28197279
Eritrea,1980,14.09848639
Eritrea,1970,10.82268707
Estonia,2022,29.32014062
Estonia,2020,29.39491896
Estonia,2015,29.06796825
Estonia,2010,29.44115241
Estonia,2000,30.88590886
Estonia,1990,34.72867977
Estonia,1980,32.65710748
Estonia,1970,30.11473235
Eswatini,2022,69.20467634
Eswatini,2020,67.99441373
Eswatini,2015,65.30384704
Eswatini,2010,63.34485142
Eswatini,2000,59.34669431
Eswatini,1990,49.18284957
Eswatini,1980,34.47155033
Eswatini,1970,25.50478
Ethiopia,2022,111.726817
Ethiopia,2020,106.1223499
Ethiopia,2015,92.79352984
Ethiopia,2010,80.80937336
Ethiopia,2000,60.70077606
Ethiopia,1990,43.35603821
Ethiopia,1980,31.64490537
Ethiopia,1970,25.63456126
Falkland Islands,2022,0.310523289
Falkland Islands,2020,0.307812372
Falkland Islands,2015,0.279963854
Falkland Islands,2010,0.261808921
Falkland Islands,2000,0.253018976
Falkland Islands,1990,0.191571511
Falkland Islands,1980,0.184013801
Falkland Islands,1970,0.186806868
Faroe Islands,2022,38.11198851
Faroe Islands,2020,37.62742283
Faroe Islands,2015,35.04379038
Faroe Islands,2010,34.75233309
Faroe Islands,2000,32.7781766
Faroe Islands,1990,34.08399139
Faroe Islands,1980,30.90739411
Faroe Islands,1970,27.57788945
Fiji,2022,50.88474168
Fiji,2020,50.37335814
Fiji,2015,50.19702277
Fiji,2010,49.53858363
Fiji,2000,45.56200744
Fiji,1990,42.71179947
Fiji,1980,35.2770359
Fiji,1970,28.87664186
Finland,2022,16.37219878
Finland,2020,16.33887668
Finland,2015,16.19111233
Finland,2010,15.84778562
Finland,2000,15.29504113
Finland,1990,14.73460807
Finland,1980,14.12257405
Finland,1970,13.61198083
France,2022,117.1419498
France,2020,116.8762686
France,2015,115.6613147
France,2010,113.1867554
France,2000,106.3367495
France,1990,102.2537761
France,1980,97.36145878
France,1970,91.57883613
French Guiana,2022,3.645904662
French Guiana,2020,3.483240357
French Guiana,2015,3.076902818
French Guiana,2010,2.73485048
French Guiana,2000,1.967474322
French Guiana,1990,1.363887758
French Guiana,1980,0.799973663
French Guiana,1970,0.556468025
French Polynesia,2022,73.50107991
French Polynesia,2020,72.4550036
French Polynesia,2015,70.02327814
French Polynesia,2010,68.10367171
French Polynesia,2000,60.21766259
French Polynesia,1990,50.65730742
French Polynesia,1980,39.2586993
French Polynesia,1970,28.29157667
Gabon,2022,8.925205852
Gabon,2020,8.564987223
Gabon,2015,7.578481552
Gabon,2010,6.392639389
Gabon,2000,4.755648789
Gabon,1990,3.67256452
Gabon,1980,2.798534005
Gabon,1970,2.231092249
Gambia,2022,253.1567032
Gambia,2020,240.8078398
Gambia,2015,210.7898774
Gambia,2010,181.2400599
Gambia,2000,134.4876976
Gambia,1990,97.35391524
Gambia,1980,67.22668164
Gambia,1970,49.46496398
Georgia,2022,53.72144907
Georgia,2020,54.03030129
Georgia,2015,54.10519369
Georgia,2010,55.04779053
Georgia,2000,61.19328551
Georgia,1990,77.3548924
Georgia,1980,73.8284505
Georgia,1970,68.87268293
Germany,2022,233.4544235
Germany,2020,233.3400203
Germany,2015,229.8236025
Germany,2010,227.7286525
Germany,2000,228.3631473
Germany,1990,222.254507
Germany,1980,217.8203683
Germany,1970,219.2425472
Ghana,2022,140.3406237
Ghana,2020,134.9096393
Ghana,2015,121.0354081
Ghana,2010,107.2166912
Ghana,2000,82.44352773
Ghana,1990,64.75825986
Ghana,1980,49.7425765
Ghana,1970,37.15165197
Gibraltar,2022,5441.5
Gibraltar,2020,5451.5
Gibraltar,2015,5420
Gibraltar,2010,5210.333333
Gibraltar,2000,4623.5
Gibraltar,1990,4552.833333
Gibraltar,1980,4789
Gibraltar,1970,4447.5
Greece,2022,78.67998333
Greece,2020,79.64415486
Greece,2015,81.87469505
Greece,2010,83.59559815
Greece,2000,83.62837336
Greece,1990,78.05329949
Greece,1980,70.51403894
Greece,1970,64.73879082
Greenland,2022,0.026068217
Greenland,2020,0.025865086
Greenland,2015,0.025804608
Greenland,2010,0.026015126
Greenland,2000,0.025938028
Greenland,1990,0.025667956
Greenland,1980,0.023132046
Greenland,1970,0.02097516
Grenada,2022,364.6453488
Grenada,2020,359.4854651
Grenada,2015,345.872093
Grenada,2010,331.5087209
Grenada,2000,312.3023256
Grenada,1990,287.9273256
Grenada,1980,275.6918605
Grenada,1970,287.1918605
Guadeloupe,2022,243.0909091
Guadeloupe,2020,243.0233415
Guadeloupe,2015,245.1406634
Guadeloupe,2010,247.5872236
Guadeloupe,2000,260.4834152
Guadeloupe,1990,240.7561425
Guadeloupe,1980,205.3034398
Guadeloupe,1970,195.522113
Guam,2022,312.8852459
Guam,2020,308.2531876
Guam,2015,305.9708561
Guam,2010,300.3734062
Guam,2000,291.7814208
Guam,1990,251.845173
Guam,1980,200.8852459
Guam,1970,160.8378871
Guatemala,2022,163.8724573
Guatemala,2020,159.4533699
Guatemala,2015,146.9487919
Guatemala,2010,133.5591382
Guatemala,2000,107.7785084
Guatemala,1990,83.43156793
Guatemala,1980,64.17330493
Guatemala,1970,50.08043053
Guernsey,2022,811.5512821
Guernsey,2020,805.0512821
Guernsey,2015,790.1153846
Guernsey,2010,779.2564103
Guernsey,2000,757.8717949
Guernsey,1990,740.0897436
Guernsey,1980,677.6923077
Guernsey,1970,675.0769231
Guinea,2022,56.37155338
Guinea,2020,53.71070582
Guinea,2015,47.28764282
Guinea,2010,41.77521079
Guinea,2000,33.90982156
Guinea,1990,25.84488137
Guinea,1980,20.22561489
Guinea,1970,17.17410527
Guinea-Bissau,2022,58.28556401
Guinea-Bissau,2020,55.80146713
Guinea-Bissau,2015,49.52024913
Guinea-Bissau,2010,43.3832526
Guinea-Bissau,2000,34.07194464
Guinea-Bissau,1990,26.94950865
Guinea-Bissau,1980,23.01624913
Guinea-Bissau,1970,16.37821453
Guyana,2022,3.762058715
Guyana,2020,3.708450986
Guyana,2015,3.512278515
Guyana,2010,3.479255148
Guyana,2000,3.530978885
Guyana,1990,3.475459252
Guyana,1980,3.619945201
Guyana,1970,3.28075676
Haiti,2022,417.4773333
Haiti,2020,407.4522883
Haiti,2015,380.6759279
Haiti,2010,354.6983784
Haiti,2000,301.2693694
Haiti,1990,249.5614775
Haiti,1980,203.4838198
Haiti,1970,168.6779099
Honduras,2022,92.7431284
Honduras,2020,89.97762508
Honduras,2015,82.62369769
Honduras,2010,75.12474665
Honduras,2000,59.1750969
Honduras,1990,44.92082993
Honduras,1980,33.58452157
Honduras,1970,24.73734132
Hong Kong,2022,6783.39221
Hong Kong,2020,6794.346014
Hong Kong,2015,6702.751812
Hong Kong,2010,6460.541667
Hong Kong,2000,6097.09692
Hong Kong,1990,5288.563406
Hong Kong,1980,4509.550725
Hong Kong,1970,3582.492754
Hungary,2022,107.1430967
Hungary,2020,104.8133143
Hungary,2015,105.8202477
Hungary,2010,107.3528938
Hungary,2000,109.6664983
Hungary,1990,111.5361934
Hungary,1980,115.004934
Hungary,1970,110.8845294
Iceland,2022,3.620378641
Iceland,2020,3.559893204
Iceland,2015,3.214174757
Iceland,2010,3.09061165
Iceland,2000,2.732640777
Iceland,1990,2.475912621
Iceland,1980,2.216145631
Iceland,1970,1.985126214
India,2022,431.0674911
India,2020,424.7449125
India,2015,402.3818375
India,2010,377.3626334
India,2000,322.3132066
India,1990,264.7690755
India,1980,211.9572042
India,1970,169.5775024
Indonesia,2022,144.6528527
Indonesia,2020,142.7398902
Indonesia,2015,136.0370614
Indonesia,2010,128.1214663
Indonesia,2000,112.3994043
Indonesia,1990,95.64362016
Indonesia,1980,77.80085468
Indonesia,1970,60.50103409
Iran,2022,53.72578487
Iran,2020,52.96108349
Iran,2015,49.62449285
Iran,2010,45.73115135
Iran,2000,39.76737158
Iran,1990,33.85135193
Iran,1980,23.37142389
Iran,1970,17.26112808
Iraq,2022,101.5158481
Iraq,2020,97.09179429
Iraq,2015,86.14270722
Iraq,2010,71.32936893
Iraq,2000,56.1896025
Iraq,1990,40.28678103
Iraq,1980,31.14953105
Iraq,1970,22.38413523
Ireland,2022,71.47992828
Ireland,2020,70.38434392
Ireland,2015,66.39477466
Ireland,2010,64.38582386
Ireland,2000,53.63297426
Ireland,1990,49.5976264
Ireland,1980,48.26017105
Ireland,1970,41.80321034
Isle of Man,2022,147.7604895
Isle of Man,2020,146.9335664
Isle of Man,2015,146.1416084
Isle of Man,2010,146.5524476
Isle of Man,2000,132.1013986
Isle of Man,1990,120.3933566
Isle of Man,1980,111.9265734
Isle of Man,1970,96.67482517
Israel,2022,435.1617236
Israel,2020,421.6412614
Israel,2015,385.545402
Israel,2010,352.8379875
Israel,2000,294.5092922
Israel,1990,231.25922
Israel,1980,180.2892634
Israel,1970,139.9762638
Italy,2022,195.919087
Italy,2020,197.4559263
Italy,2015,199.8861935
Italy,2010,198.5240728
Italy,2000,189.0461047
Italy,1990,188.3497524
Italy,1980,186.9324674
Italy,1970,176.9587305
Ivory Coast,2022,87.32952928
Ivory Coast,2020,83.14687266
Ivory Coast,2015,73.1765846
Ivory Coast,2010,65.4960166
Ivory Coast,2000,52.09797713
Ivory Coast,1990,36.93614461
Ivory Coast,1980,25.75119936
Ivory Coast,1970,16.98516109
Jamaica,2022,257.2447457
Jamaica,2020,256.613229
Jamaica,2015,254.248476
Jamaica,2010,248.7395141
Jamaica,2000,237.6676372
Jamaica,1990,217.635338
Jamaica,1980,194.2995178
Jamaica,1970,169.1466655
Japan,2022,327.9752653
Japan,2020,331.3967163
Japan,2015,336.7050327
Japan,2010,338.9660281
Japan,2000,335.5220835
Japan,1990,327.2730955
Japan,1980,311.2327574
Japan,1970,278.9321806
Jersey,2022,954.9827586
Jersey,2020,933.7844828
Jersey,2015,866.9051724
Jersey,2010,828.887931
Jersey,2000,743.0344828
Jersey,1990,714.4310345
Jersey,1980,647.6206897
Jersey,1970,589.1982759
Jordan,2022,126.3220993
Jordan,2020,122.3245618
Jordan,2015,106.2685635
Jordan,2010,77.58118242
Jordan,2000,56.59347228
Jordan,1990,38.95801527
Jordan,1980,24.81367106
Jordan,1970,17.43159992
Kazakhstan,2022,7.118792616
Kazakhstan,2020,6.965115417
Kazakhstan,2015,6.545527909
Kazakhstan,2010,6.102182465
Kazakhstan,2000,5.591490697
Kazakhstan,1990,6.189791552
Kazakhstan,1980,5.201185365
Kazakhstan,1970,4.501194539
Kenya,2022,93.09193493
Kenya,2020,89.57397647
Kenya,2015,80.72734666
Kenya,2010,71.53731174
Kenya,2000,53.15878746
Kenya,1990,39.90969335
Kenya,1980,27.89118609
Kenya,1970,19.76867568
Kiribati,2022,161.8150432
Kiribati,2020,155.9346486
Kiribati,2015,143.9050555
Kiribati,2010,133.162762
Kiribati,2000,109.5265105
Kiribati,1990,92.63131936
Kiribati,1980,74.98520345
Kiribati,1970,70.82244143
Kuwait,2022,239.5820519
Kuwait,2020,244.7212931
Kuwait,2015,219.3704681
Kuwait,2010,165.1900326
Kuwait,2000,108.5924907
Kuwait,1990,94.00258166
Kuwait,1980,83.84049837
Kuwait,1970,45.05477607
Kyrgyzstan,2022,33.1612395
Kyrgyzstan,2020,32.1322424
Kyrgyzstan,2015,29.58214763
Kyrgyzstan,2010,27.42558927
Kyrgyzstan,2000,24.68195708
Kyrgyzstan,1990,21.97905487
Kyrgyzstan,1980,18.46056784
Kyrgyzstan,1970,15.08561598
Laos,2022,31.79676943
Laos,2020,30.90962416
Laos,2015,28.66308699
Laos,2010,26.70362331
Laos,2000,22.93434544
Laos,1990,18.21977618
Laos,1980,13.92533361
Laos,1970,11.2976478
Latvia,2022,28.66604192
Latvia,2020,29.38477981
Latvia,2015,30.85479949
Latvia,2010,32.55208414
Latvia,2000,37.0595889
Latvia,1990,41.65787884
Latvia,1980,39.84009975
Latvia,1970,37.13524063
Lebanon,2022,525.2333525
Lebanon,2020,541.8028129
Lebanon,2015,612.2215844
Lebanon,2010,477.9755071
Lebanon,2000,413.3794489
Lebanon,1990,343.8289323
Lebanon,1980,283.5535783
Lebanon,1970,227.8789705
Lesotho,2022,75.96195026
Lesotho,2020,74.25794762
Lesotho,2015,69.79150058
Lesotho,2010,66.63636963
Lesotho,2000,65.84187119
Lesotho,1990,59.26526108
Lesotho,1980,46.3736452
Lesotho,1970,33.71704826
Liberia,2022,47.61361779
Liberia,2020,45.68222755
Liberia,2015,41.41483716
Liberia,2010,36.09582559
Liberia,2000,25.99667771
Liberia,1990,19.84152682
Liberia,1980,17.34925338
Liberia,1970,13.14156543
Libya,2022,3.871660207
Libya,2020,3.781637246
Libya,2015,3.519235141
Libya,2010,3.689593871
Libya,2000,2.929623652
Libya,1990,2.40800607
Libya,1980,1.683803721
Libya,1970,1.08504325
Liechtenstein,2022,245.79375
Liechtenstein,2020,242.225
Liechtenstein,2015,233.46875
Liechtenstein,2010,224.5375
Liechtenstein,2000,206.4125
Liechtenstein,1990,179.78125
Liechtenstein,1980,156.26875
Liechtenstein,1970,131.80625
Lithuania,2022,42.11416539
Lithuania,2020,43.18938744
Lithuania,2015,45.38690658
Lithuania,2010,48.07073507
Lithuania,2000,55.12460949
Lithuania,1990,57.97621746
Lithuania,1980,53.92352221
Lithuania,1970,49.15998469
Luxembourg,2022,250.4249807
Luxembourg,2020,243.7737819
Luxembourg,2015,220.1887084
Luxembourg,2010,196.0827533
Luxembourg,2000,168.4563032
Luxembourg,1990,147.4350348
Luxembourg,1980,140.6577726
Luxembourg,1970,131.2227378
Macau,2022,23172.26667
Macau,2020,22542.76667
Macau,2015,20507.96667
Macau,2010,18576.56667
Macau,2000,14396.53333
Macau,1990,11674.23333
Macau,1980,8177.733333
Macau,1970,8242.8
Madagascar,2022,50.44232686
Madagascar,2020,48.08041857
Madagascar,2015,42.33249807
Madagascar,2010,37.01794764
Madagascar,2000,27.62401774
Madagascar,1990,20.24179231
Madagascar,1980,15.2428229
Madagascar,1970,11.31054049
Malawi,2022,172.2200213
Malawi,2020,163.5415837
Malawi,2015,142.9639614
Malawi,2010,124.2228655
Malawi,2000,94.77555619
Malawi,1990,80.51437325
Malawi,1980,52.89633199
Malawi,1970,39.03599642
Malaysia,2022,102.5934499
Malaysia,2020,100.3618256
Malaysia,2015,93.91944148
Malaysia,2010,86.81218429
Malaysia,2000,69.36197677
Malaysia,1990,52.9531292
Malaysia,1980,39.95038437
Malaysia,1970,31.15602942
Maldives,2022,1745.956667
Maldives,2020,1714.793333
Maldives,2015,1451.94
Maldives,2010,1205.25
Maldives,2000,941.69
Maldives,1990,749.8566667
Maldives,1980,549.6233333
Maldives,1970,410.81
Mali,2022,18.21781627
Mali,2020,17.11351146
Mali,2015,14.60492166
Mali,2010,12.52159424
Mali,2000,9.062387921
Mali,1990,7.212613853
Mali,1980,5.944709368
Mali,1970,4.961801882
Malta,2022,1687.613924
Malta,2020,1630.876582
Malta,2015,1444.870253
Malta,2010,1325.174051
Malta,2000,1263.329114
Malta,1990,1156.303797
Malta,1980,1055.655063
Malta,1970,998.1455696
Marshall Islands,2022,229.6629834
Marshall Islands,2020,239.8508287
Marshall Islands,2015,272.9834254
Marshall Islands,2010,295.1160221
Marshall Islands,2000,299.5801105
Marshall Islands,1990,254.4033149
Marshall Islands,1980,176.7292818
Marshall Islands,1970,132.4254144
Martinique,2022,325.804078
Martinique,2020,328.3608156
Martinique,2015,339.9955674
Martinique,2010,347.6781915
Martinique,2000,383.4601064
Martinique,1990,331.8005319
Martinique,1980,295.9095745
Martinique,1970,289.3865248
Mauritania,2022,4.595070341
Mauritania,2020,4.364610459
Mauritania,2015,3.828679538
Mauritania,2010,3.317610362
Mauritania,2000,2.614730765
Mauritania,1990,1.946276317
Mauritania,1980,1.461816241
Mauritania,1970,1.088772679
Mauritius,2022,636.9946078
Mauritius,2020,636.1901961
Mauritius,2015,633.8985294
Mauritius,2010,629.0833333
Mauritius,2000,596.0441176
Mauritius,1990,534.4558824
Mauritius,1980,468.0710784
Mauritius,1970,406.9191176
Mayotte,2022,871.9278075
Mayotte,2020,817.0775401
Mayotte,2015,667.2326203
Mayotte,2010,566.2727273
Mayotte,2000,425.7085561
Mayotte,1990,247.7513369
Mayotte,1980,139.6604278
Mayotte,1970,94.60695187
Mexico,2022,64.90824053
Mexico,2020,64.14167458
Mexico,2015,61.16444009
Mexico,2010,57.28661839
Mexico,2000,49.82421483
Mexico,1990,41.60123602
Mexico,1980,34.46652803
Mexico,1970,25.60066484
Micronesia,2022,162.6267806
Micronesia,2020,159.6951567
Micronesia,2015,155.9287749
Micronesia,2010,153.2592593
Micronesia,2000,159.1296296
Micronesia,1990,140.460114
Micronesia,1980,108.6880342
Micronesia,1970,84.02991453
Moldova,2022,96.7025941
Moldova,2020,91.14362111
Moldova,2015,96.83235833
Moldova,2010,108.6741712
Moldova,2000,125.6152278
Moldova,1990,132.3701176
Moldova,1980,121.232642
Moldova,1970,109.6478166
Monaco,2022,18234.5
Monaco,2020,18461
Monaco,2015,18380
Monaco,2010,16589
Monaco,2000,16232.5
Monaco,1990,15164.5
Monaco,1980,13538
Monaco,1970,12135
Mongolia,2022,2.172715474
Mongolia,2020,2.106204167
Mongolia,2015,1.895486251
Mongolia,2010,1.727832441
Mongolia,2000,1.567011911
Mongolia,1990,1.381893217
Mongolia,1980,1.085460741
Mongolia,1970,0.827230821
Montenegro,2022,45.40124529
Montenegro,2020,45.54358529
Montenegro,2015,45.89965248
Montenegro,2010,45.68809731
Montenegro,2000,45.85317116
Montenegro,1990,44.99290472
Montenegro,1980,42.66753548
Montenegro,1970,38.39183319
Montserrat,2022,43.03921569
Montserrat,2020,44.11764706
Montserrat,2015,49.59803922
Montserrat,2010,48.41176471
Montserrat,2000,50.37254902
Montserrat,1990,105.9313725
Montserrat,1980,112.2745098
Montserrat,1970,111.7843137
Morocco,2022,83.88303885
Morocco,2020,82.16050162
Morocco,2015,77.66310156
Morocco,2010,72.70152279
Morocco,2000,63.9444967
Morocco,1990,55.02365693
Morocco,1980,44.06772814
Morocco,1970,34.20524241
Mozambique,2022,41.13015008
Mozambique,2020,38.89549396
Mozambique,2015,33.48750109
Mozambique,2010,28.78494367
Mozambique,2000,22.16657518
Mozambique,1990,16.59633853
Mozambique,1980,14.23868436
Mozambique,1970,10.49373869
Myanmar,2022,80.07843294
Myanmar,2020,78.96088552
Myanmar,2015,76.09462471
Myanmar,2010,73.00117355
Myanmar,2000,67.3068471
Myanmar,1990,59.26818933
Myanmar,1980,49.46330061
Myanmar,1970,40.32663196
Namibia,2022,3.109211921
Namibia,2020,3.014841058
Namibia,2015,2.764852867
Namibia,2010,2.54267546
Namibia,2000,2.203376877
Namibia,1990,1.658171181
Namibia,1980,1.182141797
Namibia,1970,0.91382424
Nauru,2022,603.2380952
Nauru,2020,586.4285714
Nauru,2015,532.6190476
Nauru,2010,487.6666667
Nauru,2000,494.1428571
Nauru,1990,457.047619
Nauru,1980,363.5714286
Nauru,1970,317.2857143
Nepal,2022,207.5511105
Nepal,2020,199.4049979
Nepal,2015,187.5943566
Nepal,2010,184.5453353
Nepal,2000,166.8659678
Nepal,1990,133.2816736
Nepal,1980,105.994945
Nepal,1970,84.93817137
Netherlands,2022,419.6897013
Netherlands,2020,416.5963441
Netherlands,2015,407.1949104
Netherlands,2010,397.0637037
Netherlands,2000,379.9076464
Netherlands,1990,357.0979211
Netherlands,1980,337.6436559
Netherlands,1970,311.5337157
New Caledonia,2022,15.60969044
New Caledonia,2020,15.41873486
New Caledonia,2015,15.23725437
New Caledonia,2010,14.07407806
New Caledonia,2000,11.9266218
New Caledonia,1990,9.543149394
New Caledonia,1980,7.999946164
New Caledonia,1970,5.974804845
New Zealand,2022,19.17161058
New Zealand,2020,18.71257122
New Zealand,2015,16.97282848
New Zealand,2010,16.06975343
New Zealand,2000,14.25410863
New Zealand,1990,12.56119601
New Zealand,1980,11.63605172
New Zealand,1970,10.44142539
Nicaragua,2022,53.29624999
Nicaragua,2020,51.81974028
Nicaragua,2015,48.31213518
Nicaragua,2010,44.91523552
Nicaragua,2000,39.29664885
Nicaragua,1990,32.42864704
Nicaragua,1980,25.33737047
Nicaragua,1970,18.75209591
Niger,2022,20.68506472
Niger,2020,19.2057135
Niger,2015,15.88644357
Niger,2010,13.13933938
Niger,2000,9.173374112
Niger,1990,6.60666693
Niger,1980,4.872278611
Niger,1970,3.685641673
Nigeria,2022,236.5758632
Nigeria,2020,225.5191834
Nigeria,2015,199.1796479
Nigeria,2010,174.2351467
Nigeria,2000,132.9900841
Nigeria,1990,103.0716121
Nigeria,1980,78.97160218
Nigeria,1970,60.15499996
Niue,2022,7.438461538
Niue,2020,7.469230769
Niue,2015,7.103846154
Niue,2010,6.969230769
Niue,2000,7.976923077
Niue,1990,9.742307692
Niue,1980,13.98846154
Niue,1970,19.94230769
North Korea,2022,216.2754982
North Korea,2020,214.6001012
North Korea,2015,209.5440027
North Korea,2010,204.8020956
North Korea,2000,193.8563689
North Korea,1990,172.5557335
North Korea,1980,149.1118983
North Korea,1970,124.4161924
North Macedonia,2022,81.42180998
North Macedonia,2020,82.10134951
North Macedonia,2015,81.98039902
North Macedonia,2010,81.43071598
North Macedonia,2000,79.25702952
North Macedonia,1990,79.49963054
North Macedonia,1980,74.16571384
North Macedonia,1970,64.43367168
Northern Mariana Islands,2022,106.7909483
Northern Mariana Islands,2020,106.8685345
Northern Mariana Islands,2015,111.0215517
Northern Mariana Islands,2010,116.5668103
Northern Mariana Islands,2000,173.1422414
Northern Mariana Islands,1990,103.4525862
Northern Mariana Islands,1980,37.95905172
Northern Mariana Islands,1970,21.85991379
Norway,2022,16.78284569
Norway,2020,16.61459472
Norway,2015,16.02941304
Norway,2010,15.10102161
Norway,2000,13.87021081
Norway,1990,13.09947437
Norway,1980,12.61813083
Norway,1970,11.96887604
Oman,2022,14.78610016
Oman,2020,14.67980291
Oman,2015,13.54370275
Oman,2010,9.311515347
Oman,2000,7.574323102
Oman,1990,5.830449111
Oman,1980,3.287437803
Oman,1970,2.167021002
Pakistan,2022,267.4018065
Pakistan,2020,257.6183803
Pakistan,2015,239.218083
Pakistan,2010,220.4919516
Pakistan,2000,175.0400539
Pakistan,1990,130.8680106
Pakistan,1980,91.4196167
Pakistan,1970,67.22991863
Palau,2022,39.33551198
Palau,2020,39.1546841
Palau,2015,38.76688453
Palau,2010,40.39215686
Palau,2000,42.97603486
Palau,1990,33.31808279
Palau,1980,26.69281046
Palau,1970,24.76252723
Palestine,2022,844.0630225
Palestine,2020,806.9776527
Palestine,2015,720.9990354
Palestine,2010,641.8453376
Palestine,2000,504.8157556
Palestine,1990,341.5770096
Palestine,1980,233.7009646
Palestine,1970,179.7815113
Panama,2022,58.45606428
Panama,2020,56.94201573
Panama,2015,52.46958908
Panama,2010,48.04774786
Panama,2000,39.80178209
Panama,1990,32.48561995
Panama,1980,25.9488842
Panama,1970,20.10406142
Papua New Guinea,2022,21.91387737
Papua New Guinea,2020,21.06481722
Papua New Guinea,2015,18.75847809
Papua New Guinea,2010,16.38421269
Papua New Guinea,2000,11.90108245
Papua New Guinea,1990,8.350557428
Papua New Guinea,1980,6.708123758
Papua New Guinea,1970,5.377795783
Paraguay,2022,16.67046259
Paraguay,2020,16.27206504
Paraguay,2015,15.18849323
Paraguay,2010,14.18213801
Paraguay,2000,12.59691163
Paraguay,1990,9.979532983
Paraguay,1980,7.569506726
Paraguay,1970,5.922004071
Peru,2022,26.49328051
Peru,2020,25.91374213
Peru,2015,23.89626569
Peru,2010,22.7429257
Peru,2000,20.73926795
Peru,1990,17.20263286
Peru,1980,13.61047948
Peru,1970,10.5526005
Philippines,2022,337.5434391
Philippines,2020,327.7055466
Philippines,2015,300.9506708
Philippines,2010,276.4301759
Philippines,2000,227.7129834
Philippines,1990,179.8111832
Philippines,1980,141.4316393
Philippines,1970,109.3479128
Poland,2022,127.4698493
Poland,2020,122.9003739
Poland,2015,123.2994413
Poland,2010,123.4408227
Poland,2000,123.1436425
Poland,1990,121.7358857
Poland,1980,113.6035007
Poland,1970,103.8859117
Portugal,2022,111.5307308
Portugal,2020,111.8274731
Portugal,2015,112.557661
Portugal,2010,114.9788359
Portugal,2000,111.8539038
Portugal,1990,108.6691932
Portugal,1980,106.2574872
Portugal,1970,94.29504832
Puerto Rico,2022,366.6749718
Puerto Rico,2020,368.8347238
Puerto Rico,2015,394.2880496
Puerto Rico,2010,419.1569335
Puerto Rico,2000,431.4665163
Puerto Rico,1990,399.523788
Puerto Rico,1980,362.4090192
Puerto Rico,1970,308.6379932
Qatar,2022,232.6188503
Qatar,2020,238.2517694
Qatar,2015,208.4043673
Qatar,2010,147.8943553
Qatar,2000,55.75151044
Qatar,1990,38.12143967
Qatar,1980,23.94700501
Qatar,1970,10.18530986
Congo,2022,17.45738012
Congo,2020,16.67302339
Congo,2015,14.8081462
Congo,2010,12.97626901
Congo,2000,9.163830409
Congo,1990,6.97495614
Congo,1980,5.348701754
Congo,1970,4.084763158
Reunion,2022,387.9139785
Reunion,2020,381.4504182
Reunion,2015,367.3815213
Reunion,2010,354.4922342
Reunion,2000,312.7933094
Reunion,1990,262.442055
Reunion,1980,219.7029072
Reunion,1970,188.739546
Romania,2022,82.46648154
Romania,2020,81.55525167
Romania,2015,83.50180586
Romania,2010,85.30192415
Romania,2000,91.94925983
Romania,1990,95.7931885
Romania,1980,92.81065141
Romania,1970,83.57118348
Russia,2022,8.463637022
Russia,2020,8.516508832
Russia,2015,8.461009559
Russia,2010,8.377621454
Russia,2000,8.588300423
Russia,1990,8.656194245
Russia,1980,8.086060544
Russia,1970,7.608560576
Rwanda,2022,523.0730503
Rwanda,2020,499.1404814
Rwanda,2015,442.0593439
Rwanda,2010,391.4128256
Rwanda,2000,307.9196978
Rwanda,1990,277.9239882
Rwanda,1980,199.2380591
Rwanda,1970,147.9370871
Saint Barthelemy,2022,522.2380952
Saint Barthelemy,2020,508.6190476
Saint Barthelemy,2015,459.1904762
Saint Barthelemy,2010,428
Saint Barthelemy,2000,337.2380952
Saint Barthelemy,1990,246.0952381
Saint Barthelemy,1980,142.047619
Saint Barthelemy,1970,115.0952381
Saint Kitts and Nevis,2022,182.5938697
Saint Kitts and Nevis,2020,182.5363985
Saint Kitts and Nevis,2015,183.1034483
Saint Kitts and Nevis,2010,181.6206897
Saint Kitts and Nevis,2000,174.1800766
Saint Kitts and Nevis,1990,155.6934866
Saint Kitts and Nevis,1980,165.1226054
Saint Kitts and Nevis,1970,172.2911877
Saint Lucia,2022,291.9756494
Saint Lucia,2020,290.9691558
Saint Lucia,2015,285.1022727
Saint Lucia,2010,277.4918831
Saint Lucia,2000,258.9285714
Saint Lucia,1990,231.0081169
Saint Lucia,1980,197.4561688
Saint Lucia,1970,167.3538961
Saint Martin,2022,599.8301887
Saint Martin,2020,614.1886792
Saint Martin,2015,660.754717
Saint Martin,2010,687.8867925
Saint Martin,2000,558.6792453
Saint Martin,1990,530.6981132
Saint Martin,1980,146.7169811
Saint Martin,1970,109.4716981
Saint Pierre and Miquelon,2022,24.2231405
Saint Pierre and Miquelon,2020,24.40495868
Saint Pierre and Miquelon,2015,24.70247934
Saint Pierre and Miquelon,2010,25.00826446
Saint Pierre and Miquelon,2000,25.92561983
Saint Pierre and Miquelon,1990,26.1322314
Saint Pierre and Miquelon,1980,25.23140496
Saint Pierre and Miquelon,1970,22.88016529
Saint Vincent and the Grenadines,2022,267.218509
Saint Vincent and the Grenadines,2020,268.9768638
Saint Vincent and the Grenadines,2015,273.7326478
Saint Vincent and the Grenadines,2010,280.9974293
Saint Vincent and the Grenadines,2000,292.5784062
Saint Vincent and the Grenadines,1990,289.1696658
Saint Vincent and the Grenadines,1980,276.2982005
Saint Vincent and the Grenadines,1970,253.1079692
Samoa,2022,78.24841661
Samoa,2020,75.62596763
Samoa,2015,71.62948628
Samoa,2010,68.49824068
Samoa,2000,64.74595355
Samoa,1990,59.17874736
Samoa,1980,58.02427868
Samoa,1970,50.23610134
San Marino,2022,551.8032787
San Marino,2020,557.4918033
San Marino,2015,550.3278689
San Marino,2010,518.1639344
San Marino,2000,439.7213115
San Marino,1990,379.2131148
San Marino,1980,349.9344262
San Marino,1970,297.852459
Sao Tome and Principe,2022,235.8713693
Sao Tome and Principe,2020,226.8060166
Sao Tome and Principe,2015,208.6348548
Sao Tome and Principe,2010,188.939834
Sao Tome and Principe,2000,149.0809129
Sao Tome and Principe,1990,124.8371369
Sao Tome and Principe,1980,100.840249
Sao Tome and Principe,1970,80.48029046
Saudi Arabia,2022,16.93677693
Saudi Arabia,2020,16.7452549
Saudi Arabia,2015,15.23468407
Saudi Arabia,2010,13.68193972
Saudi Arabia,2000,10.02348711
Saudi Arabia,1990,7.445149301
Saudi Arabia,1980,4.731710154
Saudi Arabia,1970,2.840498397
Senegal,2022,88.02497433
Senegal,2020,83.54997916
Senegal,2015,72.976998
Senegal,2010,63.69455882
Senegal,2000,49.32995293
Senegal,1990,38.30787101
Senegal,1980,28.99456594
Senegal,1970,22.20262096
Serbia,2022,81.72570478
Serbia,2020,83.27208836
Serbia,2015,85.09971594
Serbia,2010,86.61907403
Serbia,2000,89.80231097
Serbia,1990,90.39654372
Serbia,1980,88.01405597
Serbia,1970,81.41072419
Seychelles,2022,236.9867257
Seychelles,2020,233.4734513
Seychelles,2015,219.5575221
Seychelles,2010,204.4446903
Seychelles,2000,177.1238938
Seychelles,1990,157.2057522
Seychelles,1980,144.4469027
Seychelles,1970,120.3075221
Sierra Leone,2022,119.9570393
Sierra Leone,2020,114.7751464
Sierra Leone,2015,101.9622665
Sierra Leone,2010,89.72258154
Sierra Leone,2000,63.89834123
Sierra Leone,1990,60.29255645
Sierra Leone,1980,46.94001951
Sierra Leone,1970,38.73093114
Singapore,2022,8416.46338
Singapore,2020,8323.759155
Singapore,2015,7957.771831
Singapore,2010,7272.661972
Singapore,2000,5709.298592
Singapore,1990,4256.632394
Singapore,1980,3381.308451
Singapore,1970,2903.987324
Sint Maarten,2022,1299.264706
Sint Maarten,2020,1282.970588
Sint Maarten,2015,1182.5
Sint Maarten,2010,971.5882353
Sint Maarten,2000,896.7352941
Sint Maarten,1990,818.9705882
Sint Maarten,1980,360.0882353
Sint Maarten,1970,184.1176471
Slovakia,2022,115.0856088
Slovakia,2020,111.2768114
Slovakia,2015,110.6194098
Slovakia,2010,110.0480046
Slovakia,2000,109.6455738
Slovakia,1990,107.2925546
Slovakia,1980,101.4312254
Slovakia,1970,92.23376226
Slovenia,2022,104.5648893
Slovenia,2020,104.4562226
Slovenia,2015,102.6420362
Slovenia,2010,101.4791101
Slovenia,2000,97.88087604
Slovenia,1990,97.96399152
Slovenia,1980,93.79815518
Slovenia,1970,85.89187589
Solomon Islands,2022,25.06481866
Solomon Islands,2020,23.91995432
Solomon Islands,2015,21.20224252
Solomon Islands,2010,18.70134275
Solomon Islands,2000,14.88019103
Solomon Islands,1990,11.21854236
Solomon Islands,1980,8.086517165
Solomon Islands,1970,5.981208472
Somalia,2022,27.59714235
Somalia,2020,25.93403036
Somalia,2015,21.58512492
Somalia,2010,18.86068686
Somalia,2000,13.67736103
Somalia,1990,10.97627094
Somalia,1980,9.240428632
Somalia,1970,5.835389559
South Africa,2022,49.05165445
South Africa,2020,48.15736706
South Africa,2015,45.76151583
South Africa,2010,42.41060754
South Africa,2000,38.33894141
South Africa,1990,32.65877283
South Africa,1980,24.12993955
South Africa,1970,18.31910581
South Korea,2022,517.0722483
South Korea,2020,517.3604431
South Korea,2015,508.8753717
South Korea,2010,487.1074943
South Korea,2000,466.9054086
South Korea,1990,440.2758108
South Korea,1980,380.9051093
South Korea,1970,325.3282407
S. Sudan,2022,17.60911988
S. Sudan,2020,17.11385651
S. Sudan,2015,18.06275
S. Sudan,2010,15.67486466
S. Sudan,2000,9.866057814
S. Sudan,1990,7.665760918
S. Sudan,1980,6.764090069
S. Sudan,1970,5.393202043
Spain,2022,93.99087337
Spain,2020,93.60584159
Spain,2015,91.76299625
Spain,2010,92.0425066
Spain,2000,80.51836986
Spain,1990,76.8587033
Spain,1980,74.09537305
Spain,1970,66.78488395
Sri Lanka,2022,332.7563329
Sri Lanka,2020,330.9720927
Sri Lanka,2015,325.2049535
Sri Lanka,2010,315.0214449
Sri Lanka,2000,286.1815424
Sri Lanka,1990,262.2175583
Sri Lanka,1980,227.7647462
Sri Lanka,1970,188.8244018
Sudan,2022,24.85287063
Sudan,2020,23.56250464
Sudan,2015,20.23849511
Sudan,2010,17.88903316
Sudan,2000,13.94370351
Sudan,1990,11.1824632
Sudan,1980,8.840394938
Sudan,1970,5.99406066
Suriname,2022,3.772677329
Suriname,2020,3.705683067
Suriname,2015,3.512849469
Suriname,2010,3.333414723
Suriname,2000,2.923928702
Suriname,1990,2.51957026
Suriname,1980,2.289781467
Suriname,1970,2.319118545
Sweden,2022,23.42763522
Sweden,2020,23.02705782
Sweden,2015,21.87310319
Sweden,2010,20.83462841
Sweden,2000,19.70051411
Sweden,1990,18.9840127
Sweden,1980,18.45848388
Sweden,1970,17.82765076
Switzerland,2022,211.7157252
Switzerland,2020,209.2484498
Switzerland,2015,200.6039143
Switzerland,2010,189.4786116
Switzerland,2000,173.9671301
Switzerland,1990,162.5737089
Switzerland,1980,153.064456
Switzerland,1970,149.724518
Syria,2022,119.47969
Syria,2020,112.1751539
Syria,2015,103.7108651
Syria,2010,120.6262177
Syria,2000,88.06379739
Syria,1990,67.01045469
Syria,1980,48.05569716
Syria,1970,34.12463009
Taiwan,2022,660.1661647
Taiwan,2020,658.1787638
Taiwan,2015,649.6321388
Taiwan,2010,637.7775537
Taiwan,2000,613.2326969
Taiwan,1990,568.7888266
Taiwan,1980,500.1044677
Taiwan,1970,413.2807449
Tajikistan,2022,69.55127184
Tajikistan,2020,66.68907757
Tajikistan,2015,59.5671768
Tajikistan,2010,53.26190776
Tajikistan,2000,43.83646401
Tajikistan,1990,37.86065688
Tajikistan,1980,28.27368973
Tajikistan,1970,20.91557652
Tanzania,2022,69.30340593
Tanzania,2020,65.28977544
Tanzania,2015,55.59575256
Tanzania,2010,47.73161307
Tanzania,2000,36.46617084
Tanzania,1990,27.72867683
Tanzania,1980,20.41892334
Tanzania,1970,14.4094586
Thailand,2022,139.7276076
Thailand,2020,139.2961958
Thailand,2015,136.9940696
Thailand,2010,133.0497525
Thailand,2000,122.9080975
Thailand,1990,107.6325421
Thailand,1980,89.1365626
Thailand,1970,69.75313377
Timor-Leste,2022,90.177222
Timor-Leste,2020,87.40049751
Timor-Leste,2015,81.06850881
Timor-Leste,2010,73.18044911
Timor-Leste,2000,59.05338174
Timor-Leste,1990,50.9685357
Timor-Leste,1980,43.17762539
Timor-Leste,1970,37.24761328
Togo,2022,155.828106
Togo,2020,148.6762349
Togo,2015,131.6056881
Togo,2010,115.7322356
Togo,2000,88.19292067
Togo,1990,68.25652901
Togo,1980,49.97992428
Togo,1970,38.69653958
Tokelau,2022,155.9166667
Tokelau,2020,152.25
Tokelau,2015,121.1666667
Tokelau,2010,113.9166667
Tokelau,2000,138.8333333
Tokelau,1990,139.0833333
Tokelau,1980,137.25
Tokelau,1970,142.8333333
Tonga,2022,143.0495315
Tonga,2020,140.9022758
Tonga,2015,142.064257
Tonga,2010,143.7523427
Tonga,2000,137.3534137
Tonga,1990,132.1646586
Tonga,1980,129.4618474
Tonga,1970,115.7751004
Trinidad and Tobago,2022,298.4491228
Trinidad and Tobago,2020,295.9350877
Trinidad and Tobago,2015,284.6348928
Trinidad and Tobago,2010,274.911501
Trinidad and Tobago,2000,259.688694
Trinidad and Tobago,1990,246.8846004
Trinidad and Tobago,1980,219.854191
Trinidad and Tobago,1970,192.7660819
Tunisia,2022,75.52177129
Tunisia,2020,74.33361653
Tunisia,2015,70.64225292
Tunisia,2010,66.59166921
Tunisia,2000,60.46889554
Tunisia,1990,51.58622945
Tunisia,1980,40.20631991
Tunisia,1970,30.85021698
Turkey,2022,108.9144714
Turkey,2020,107.3755848
Turkey,2015,101.6462998
Turkey,2010,93.41359714
Turkey,2000,81.82319587
Turkey,1990,69.32973013
Turkey,1980,56.26749255
Turkey,1970,45.35823585
Turkmenistan,2022,13.17510756
Turkmenistan,2020,12.80565048
Turkmenistan,2015,11.81403606
Turkmenistan,2010,10.79280885
Turkmenistan,2000,9.36105716
Turkmenistan,1990,7.621958615
Turkmenistan,1980,5.865402581
Turkmenistan,1970,4.510206925
Turks and Caicos Islands,2022,48.20991561
Turks and Caicos Islands,2020,46.70464135
Turks and Caicos Islands,2015,38.54219409
Turks and Caicos Islands,2010,31.35654008
Turks and Caicos Islands,2000,19.7721519
Turks and Caicos Islands,1990,12.35126582
Turks and Caicos Islands,1980,8.014767932
Turks and Caicos Islands,1970,5.975738397
Tuvalu,2022,435.0769231
Tuvalu,2020,425.7307692
Tuvalu,2015,418.3461538
Tuvalu,2010,405.7692308
Tuvalu,2000,370.6923077
Tuvalu,1990,353.1538462
Tuvalu,1980,297.3461538
Tuvalu,1970,223.6153846
Uganda,2022,195.6099565
Uganda,2020,183.8319644
Uganda,2015,155.1536162
Uganda,2010,133.8924777
Uganda,2000,99.44399503
Uganda,1990,72.80741047
Uganda,1980,54.99493273
Uganda,1970,42.71253157
Ukraine,2022,65.78581442
Ukraine,2020,72.75835294
Ukraine,2015,74.53614582
Ukraine,2010,75.69680199
Ukraine,2000,80.99379453
Ukraine,1990,85.48436951
Ukraine,1980,82.80682684
Ukraine,1970,78.34148467
United Arab Emirates,2022,112.9321651
United Arab Emirates,2020,111.0919737
United Arab Emirates,2015,106.6614713
United Arab Emirates,2010,101.4565909
United Arab Emirates,2000,39.1786244
United Arab Emirates,1990,22.72907895
United Arab Emirates,1980,12.12976077
United Arab Emirates,1970,3.565598086
United Kingdom,2022,277.9289255
United Kingdom,2020,276.0785261
United Kingdom,2015,268.5235241
United Kingdom,2010,258.3780939
United Kingdom,2000,242.280951
United Kingdom,1990,235.530844
United Kingdom,1980,231.8910169
United Kingdom,1970,229.1073117
United States of America,2022,36.09345284
United States of America,2020,35.84295122
United States of America,2015,34.63365871
United States of America,2010,33.20130092
United States of America,2000,30.13019362
United States of America,1990,26.46901258
United States of America,1980,23.80767129
United States of America,1970,21.37380516
United States Virgin Islands,2022,286.6426513
United States Virgin Islands,2020,289.4582133
United States Virgin Islands,2015,296.2622478
United States Virgin Islands,2010,305.8847262
United States Virgin Islands,2000,311.7723343
United States Virgin Islands,1990,290.1585014
United States Virgin Islands,1980,278.5014409
United States Virgin Islands,1970,182.8414986
Uruguay,2022,18.90691251
Uruguay,2020,18.94166842
Uruguay,2015,18.7965686
Uruguay,2010,18.51945491
Uruguay,2000,18.18566678
Uruguay,1990,17.21782649
Uruguay,1980,16.31599589
Uruguay,1970,15.41293348
Uzbekistan,2022,77.39752347
Uzbekistan,2020,74.9366473
Uzbekistan,2015,69.17616674
Uzbekistan,2010,63.9566987
Uzbekistan,2000,55.71201162
Uzbekistan,1990,45.99709432
Uzbekistan,1980,35.6440076
Uzbekistan,1970,26.8470295
Vanuatu,2022,26.80613668
Vanuatu,2020,25.57100665
Vanuatu,2015,22.67930101
Vanuatu,2010,20.1372549
Vanuatu,2000,15.75797851
Vanuatu,1990,12.37853803
Vanuatu,1980,9.693658216
Vanuatu,1970,7.139141849
Vatican City,2022,510
Vatican City,2020,520
Vatican City,2015,564
Vatican City,2010,596
Vatican City,2000,651
Vatican City,1990,700
Vatican City,1980,733
Vatican City,1970,752
Venezuela,2022,30.88204529
Venezuela,2020,31.08801183
Venezuela,2015,33.31320046
Venezuela,2010,31.33305545
Venezuela,2000,26.65487727
Venezuela,1990,21.55129768
Venezuela,1980,16.59722406
Venezuela,1970,12.39078723
Vietnam,2022,296.4471577
Vietnam,2020,291.8030899
Vietnam,2015,278.3455853
Vietnam,2010,263.9125756
Vietnam,2000,238.521376
Vietnam,1990,202.0235167
Vietnam,1980,159.9225572
Vietnam,1970,126.5921796
Wallis and Futuna,2022,81.49295775
Wallis and Futuna,2020,82.07746479
Wallis and Futuna,2015,85.78873239
Wallis and Futuna,2010,92.54929577
Wallis and Futuna,2000,103.6830986
Wallis and Futuna,1990,94.74647887
Wallis and Futuna,1980,79.68309859
Wallis and Futuna,1970,66.03521127
Western Sahara,2022,2.165360902
Western Sahara,2020,2.090406015
Western Sahara,2015,1.848962406
Western Sahara,2010,1.553744361
Western Sahara,2000,1.016447368
Western Sahara,1990,0.671161654
Western Sahara,1980,0.439003759
Western Sahara,1970,0.287109023
Yemen,2022,63.82321277
Yemen,2020,61.14773244
Yemen,2015,54.0118814
Yemen,2010,46.86637448
Yemen,2000,35.2837672
Yemen,1990,25.33320391
Yemen,1980,17.43465134
Yemen,1970,12.96216248
Zambia,2022,26.59760275
Zambia,2020,25.14936647
Zambia,2015,21.58911896
Zambia,2010,18.32562595
Zambia,2000,13.1424107
Zambia,1990,10.21296631
Zambia,1980,7.600779685
Zambia,1970,5.689081492
Zimbabwe,2022,41.766461
Zimbabwe,2020,40.1007941
Zimbabwe,2015,36.22439777
Zimbabwe,2010,32.85871014
Zimbabwe,2000,30.28653613
Zimbabwe,1990,25.88281976
Zimbabwe,1980,18.0417139
Zimbabwe,1970,13.31497069
Antarctica,2022,0.00007
Antarctica,2020,0.00007
Antarctica,2015,0.00007
Antarctica,2010,0.00007
Antarctica,2000,0.00007
Antarctica,1990,0.00007
Antarctica,1980,0.00007
Antarctica,1970,0.00007
